40255,11811,18273,11871,11727,11625,17049,17077,255,255,255,0
40755,11808,18278,11876,11733,11624,17045,17075,255,255,255,0
41255,11810,18287,11876,11724,11626,17050,17080,255,255,255,0
41755,11809,18312,11874,11729,11625,17047,17077,255,255,255,0
42255,11806,18254,11872,11727,11621,17049,17081,255,255,255,0
42755,11806,18264,11876,11726,11626,17049,17074,255,255,255,0
43255,11807,18269,11876,11730,11625,17046,17073,255,255,255,0
43755,11811,18257,11874,11728,11626,17045,17076,255,255,255,0
44255,11806,18282,11875,11732,11624,17047,17075,255,255,255,0
44755,11807,18280,11876,11729,11626,17044,17080,255,255,255,0
45255,11806,18289,11873,11728,11623,17048,17073,255,255,255,0
45755,11807,18263,11873,11729,11624,17047,17075,255,255,255,0
46255,11809,18249,11875,11729,11623,17047,17078,255,255,255,0
46755,11804,18278,11872,11727,11622,17047,17075,255,255,255,0
47255,11806,18274,11871,11728,11623,17046,17077,255,255,255,0
47755,11805,18283,11873,11729,11624,17044,17073,255,255,255,0
48255,11807,18282,11874,11726,11624,17047,17076,255,255,255,0
48755,11805,18275,11872,11731,11624,17043,17075,255,255,255,0
49255,11806,18281,11875,11726,11622,17047,17076,255,255,255,0
49755,11806,18276,11872,11728,11625,17045,17071,255,255,255,0
50255,11808,18278,11871,11729,11624,17044,17076,255,255,255,0
50755,11804,18272,11876,11730,11625,17046,17074,255,255,255,0
51255,11803,18275,11872,11729,11626,17044,17077,255,255,255,0
51755,11804,18274,11873,11727,11623,17043,17077,255,255,255,0
52255,11806,18271,11872,11725,11625,17044,17073,255,255,255,0
52755,11807,18273,11874,11728,11623,17045,17077,255,255,255,0
53255,11811,18270,11874,11728,11622,17042,17071,255,255,255,0
53755,11804,18268,11874,11727,11624,17043,17074,255,255,255,0
54255,11806,18266,11874,11728,11624,17043,17074,255,255,255,0
54755,11804,18266,11872,11730,11622,17044,17074,255,255,255,0
55255,11806,18276,11876,11726,11627,17041,17071,255,255,255,0
55755,11807,18279,11870,11728,11623,17039,17074,255,255,255,0
56255,11804,18269,11871,11726,11624,17042,17071,255,255,255,0
56755,11808,18263,11874,11724,11627,17039,17069,255,255,255,0
57255,11801,18259,11873,11726,11623,17038,17068,255,255,255,0
57755,11804,18259,11870,11725,11622,17037,17063,255,255,255,0
58255,11804,18270,11868,11724,11622,17033,17069,255,255,255,0
58755,11804,18267,11870,11724,11621,17032,17061,255,255,255,0
59255,11802,18250,11868,11723,11620,17029,17061,255,255,255,0
59755,11802,18248,11869,11721,11620,17026,17061,255,255,255,0
60255,11803,18267,11868,11724,11619,17026,17057,255,255,255,0
60755,11797,18251,11866,11721,11619,17024,17054,255,255,255,0
61255,11797,18255,11869,11722,11617,17022,17052,255,255,255,0
61755,11798,18246,11866,11723,11619,17022,17053,255,255,255,0
62255,11800,18240,11866,11719,11619,17016,17049,255,255,255,0
62755,11797,18250,11866,11720,11615,17015,17049,255,255,255,0
63255,11796,18232,11866,11721,11617,17015,17044,255,255,255,0
63755,11796,18240,11865,11717,11614,17009,17041,255,255,255,0
64255,11795,18245,11864,11719,11610,17009,17040,255,255,255,0
64755,11795,18255,11864,11720,11615,17004,17030,255,255,255,0
65255,11791,18263,11858,11715,11612,17001,17034,255,255,255,0
65755,11796,18207,11859,11715,11611,16995,17036,255,255,255,0
66255,11792,18211,11861,11713,11615,16995,17035,255,255,255,0
66755,11787,18217,11858,11709,11609,16991,17019,255,255,255,0
67255,11781,18204,11855,11712,11607,16987,17019,255,255,255,0
67755,11783,18207,11852,11706,11609,16981,17016,255,255,255,0
68255,11781,18195,11851,11706,11605,16976,17007,255,255,255,0
68755,11781,18184,11851,11706,11601,16971,17002,255,255,255,0
69255,11777,18192,11849,11704,11603,16962,16997,255,255,255,0
69755,11776,18173,11847,11701,11600,16959,16990,255,255,255,0
70255,11774,18182,11846,11699,11597,16951,16983,255,255,255,0
70755,11777,18160,11843,11698,11596,16945,16977,255,255,255,0
71255,11775,18170,11842,11694,11597,16941,16972,255,255,255,0
71755,11767,18152,11839,11694,11594,16935,16965,255,255,255,0
72255,11769,18160,11836,11692,11592,16930,16961,255,255,255,0
72755,11764,18137,11837,11688,11589,16924,16953,255,255,255,0
73255,11760,18126,11834,11687,11589,16918,16947,255,255,255,0
73755,11762,18137,11829,11687,11586,16910,16939,255,255,255,0
74255,11763,18130,11830,11682,11587,16904,16932,255,255,255,0
74755,11760,18111,11829,11688,11580,16898,16928,255,255,255,0
75255,11755,18120,11822,11681,11577,16892,16921,255,255,255,0
75755,11754,18107,11824,11677,11578,16885,16918,255,255,255,0
76255,11751,18090,11820,11678,11574,16879,16908,255,255,255,0
76755,11751,18079,11817,11671,11576,16874,16902,255,255,255,0
77255,11748,18078,11822,11669,11573,16863,16894,255,255,255,0
77755,11751,18061,11814,11670,11567,16859,16891,255,255,255,0
78255,11744,18078,11810,11669,11568,16851,16883,255,255,255,0
78755,11742,18061,11809,11668,11565,16843,16873,255,255,255,0
79255,11740,18040,11808,11661,11560,16836,16866,255,255,255,0
79755,11740,18056,11803,11659,11563,16828,16859,255,255,255,0
80255,11735,18032,11805,11660,11559,16821,16853,255,255,255,0
80755,11730,18038,11803,11659,11557,16814,16841,255,255,255,0
81255,11734,18028,11801,11654,11556,16806,16837,255,255,255,0
81755,11729,18014,11801,11652,11553,16797,16831,255,255,255,0
82255,11727,18018,11796,11650,11551,16792,16823,255,255,255,0
82755,11726,18012,11791,11649,11549,16783,16813,255,255,255,0
83255,11722,17995,11793,11647,11547,16775,16811,255,255,255,0
83755,11720,17989,11788,11642,11544,16769,16802,255,255,255,0
84255,11720,17977,11785,11640,11542,16764,16795,255,255,255,0
84755,11718,17975,11785,11640,11540,16754,16787,255,255,255,0
85255,11715,17972,11782,11639,11539,16748,16780,255,255,255,0
85755,11713,17973,11782,11634,11539,16741,16775,255,255,255,0
86255,11705,17966,11779,11635,11533,16735,16767,255,255,255,0
86755,11709,17935,11776,11631,11532,16725,16760,255,255,255,0
87255,11705,17941,11774,11626,11532,16721,16751,255,255,255,0
87755,11702,17935,11773,11630,11526,16713,16746,255,255,255,0
88255,11701,17917,11770,11625,11523,16705,16738,255,255,255,0
88755,11700,17925,11767,11626,11523,16699,16727,255,255,255,0
89255,11698,17903,11763,11623,11521,16693,16723,255,255,255,0
89755,11699,17905,11763,11618,11516,16685,16715,255,255,255,0
90255,11694,17899,11759,11618,11518,16678,16710,255,255,255,0
90755,11689,17877,11757,11615,11515,16670,16702,255,255,255,0
91255,11687,17885,11757,11611,11514,16664,16695,255,255,255,0
91755,11688,17882,11754,11611,11513,16655,16687,255,255,255,0
92255,11686,17860,11751,11608,11508,16648,16682,255,255,255,0
92755,11682,17861,11748,11605,11506,16641,16674,255,255,255,0
93255,11683,17859,11748,11602,11506,16633,16666,255,255,255,0
93755,11681,17848,11743,11604,11500,16626,16659,255,255,255,0
94255,11676,17843,11746,11598,11502,16621,16652,255,255,255,0
94755,11675,17828,11741,11600,11496,16613,16645,255,255,255,0
95255,11675,17842,11741,11595,11496,16607,16634,255,255,255,0
95755,11670,17809,11739,11594,11494,16598,16631,255,255,255,0
96255,11668,17824,11733,11591,11490,16591,16625,255,255,255,0
96755,11671,17811,11732,11592,11487,16583,16618,255,255,255,0
97255,11661,17814,11732,11586,11485,16578,16609,255,255,255,0
97755,11661,17806,11730,11585,11484,16570,16601,255,255,255,0
98255,11659,17773,11724,11585,11483,16563,16594,255,255,255,0
98755,11661,17779,11723,11585,11479,16556,16589,255,255,255,0
99255,11658,17765,11722,11578,11479,16547,16580,255,255,255,0
99755,11652,17760,11717,11578,11477,16541,16573,255,255,255,0
100255,11649,17765,11717,11577,11474,16533,16566,255,255,255,0
100755,11649,17746,11714,11572,11472,16530,16558,255,255,255,0
101255,11650,17732,11712,11570,11473,16521,16552,255,255,255,0
101755,11647,17736,11709,11568,11468,16514,16545,255,255,255,0
102255,11649,17726,11708,11566,11468,16507,16540,255,255,255,0
102755,11644,17722,11708,11564,11465,16500,16533,255,255,255,0
103255,11637,17712,11703,11564,11464,16492,16524,255,255,255,0
103755,11636,17710,11703,11559,11461,16485,16519,255,255,255,0
104255,11642,17692,11700,11555,11457,16479,16512,255,255,255,0
104755,11630,17688,11699,11556,11457,16472,16504,255,255,255,0
105255,11633,17684,11699,11552,11457,16461,16497,255,255,255,0
105755,11629,17686,11694,11550,11451,16456,16489,255,255,255,0
106255,11628,17672,11690,11548,11446,16449,16483,255,255,255,0
106755,11624,17690,11690,11549,11449,16441,16476,255,255,255,0
107255,11623,17661,11687,11544,11446,16433,16468,255,255,255,0
107755,11624,17657,11684,11543,11445,16428,16461,255,255,255,0
108255,11620,17641,11685,11544,11443,16423,16458,255,255,255,0
108755,11616,17628,11680,11540,11441,16413,16450,255,255,255,0
109255,11613,17627,11677,11539,11438,16407,16438,255,255,255,0
109755,11612,17630,11680,11534,11433,16400,16432,255,255,255,0
110255,11614,17623,11674,11532,11437,16394,16426,255,255,255,0
110755,11610,17601,11671,11529,11431,16388,16421,255,255,255,0
111255,11609,17596,11673,11532,11429,16380,16415,255,255,255,0
111755,11609,17602,11669,11528,11428,16373,16406,255,255,255,0
112255,11602,17590,11667,11523,11426,16366,16400,255,255,255,0
112755,11597,17589,11667,11521,11425,16359,16392,255,255,255,0
113255,11600,17579,11662,11522,11420,16354,16385,255,255,255,0
113755,11598,17556,11662,11521,11422,16344,16377,255,255,255,0
114255,11600,17551,11662,11520,11417,16339,16368,255,255,255,0
114755,11595,17540,11654,11513,11418,16331,16364,255,255,255,0
115255,11593,17551,11655,11515,11415,16325,16357,255,255,255,0
115755,11589,17534,11654,11514,11413,16316,16349,255,255,255,0
116255,11589,17542,11647,11511,11410,16310,16343,255,255,255,0
116755,11585,17531,11646,11505,11408,16303,16336,255,255,255,0
117255,11584,17517,11648,11505,11406,16298,16328,255,255,255,0
117755,11583,17515,11646,11505,11404,16291,16323,255,255,255,0
118255,11582,17504,11643,11499,11403,16283,16315,255,255,255,0
118755,11576,17511,11640,11496,11404,16276,16309,255,255,255,0
119255,11579,17491,11637,11499,11397,16270,16301,255,255,255,0
119755,11572,17488,11635,11494,11394,16263,16295,255,255,255,0
120255,11570,17479,11635,11491,11394,16255,16287,255,255,255,0
120755,11573,17467,11630,11495,11394,16249,16282,255,255,255,0
121255,11564,17456,11628,11487,11389,16240,16273,255,255,255,0
121755,11563,17450,11630,11484,11388,16234,16270,255,255,255,0
122255,11563,17448,11624,11486,11384,16226,16260,255,255,255,0
122755,11558,17442,11623,11483,11386,16222,16254,255,255,255,0
123255,11561,17421,11623,11481,11384,16212,16246,255,255,255,0
123755,11557,17426,11617,11482,11380,16207,16238,255,255,255,0
124255,11554,17429,11618,11476,11382,16200,16234,255,255,255,0
124755,11554,17417,11614,11476,11378,16192,16227,255,255,255,0
125255,11552,17398,11615,11471,11375,16186,16221,255,255,255,0
125755,11551,17397,11610,11472,11370,16179,16211,255,255,255,0
126255,11551,17400,11610,11468,11374,16173,16203,255,255,255,0
126755,11547,17373,11606,11466,11367,16165,16202,255,255,255,0
127255,11547,17372,11607,11464,11364,16156,16192,255,255,255,0
127755,11541,17374,11603,11463,11365,16153,16185,255,255,255,0
128255,11541,17359,11599,11461,11364,16145,16179,255,255,255,0
128755,11538,17373,11601,11458,11361,16136,16168,255,255,255,0
129255,11536,17344,11596,11455,11357,16125,16164,255,255,255,0
129755,11538,17348,11596,11453,11356,16120,16152,255,255,255,0
130255,11530,17351,11591,11450,11352,16111,16141,255,255,255,0
130755,11528,17320,11587,11446,11350,16101,16137,255,255,255,0
183,11526,17330,11585,11443,11348,16094,16127,255,255,255,0
683,11530,17314,11584,11446,11343,16085,16121,255,255,255,0
1183,11523,17309,11583,11443,11344,16078,16111,255,255,255,0
1683,11521,17311,11579,11438,11343,16071,16100,255,255,255,0
2183,11520,17286,11578,11436,11342,16061,16093,255,255,255,0
2683,11516,17285,11575,11429,11335,16055,16082,255,255,255,0
3183,11513,17273,11574,11429,11336,16045,16077,255,255,255,0
3683,11508,17261,11569,11431,11332,16037,16070,255,255,255,0
4183,11513,17254,11566,11423,11327,16028,16062,255,255,255,0
4683,11505,17234,11566,11420,11327,16018,16054,255,255,255,0
5183,11503,17238,11562,11425,11324,16010,16045,255,255,255,0
5683,11500,17215,11558,11418,11320,16002,16035,255,255,255,0
6183,11494,17197,11554,11414,11324,15993,16025,255,255,255,0
6683,11492,17184,11551,11413,11320,15980,16017,255,255,255,0
7183,11490,17190,11545,11413,11309,15973,16008,255,255,255,0
7683,11486,17169,11544,11401,11306,15962,15994,255,255,255,0
8183,11483,17167,11541,11404,11306,15952,15986,255,255,255,0
8683,11479,17164,11535,11397,11302,15939,15971,255,255,255,0
9183,11475,17133,11533,11395,11298,15927,15961,255,255,255,0
9683,11475,17127,11530,11389,11298,15917,15950,255,255,255,0
10183,11468,17112,11526,11387,11295,15906,15941,255,255,255,0
10683,11465,17127,11522,11385,11292,15896,15924,255,255,255,0
11183,11461,17069,11518,11383,11283,15881,15913,255,255,255,0
11683,11453,17065,11510,11376,11279,15869,15902,255,255,255,0
12183,11446,17056,11509,11370,11280,15857,15889,255,255,255,0
12683,11437,17033,11505,11368,11276,15845,15882,255,255,255,0
13183,11433,17008,11499,11363,11270,15836,15864,255,255,255,0
13683,11426,17010,11491,11359,11265,15820,15852,255,255,255,0
14183,11426,16986,11486,11359,11264,15809,15836,255,255,255,0
14683,11416,16961,11486,11354,11257,15794,15825,255,255,255,0
15183,11408,16957,11478,11349,11252,15779,15813,255,255,255,0
15683,11403,16946,11474,11343,11250,15766,15800,255,255,255,0
16183,11404,16932,11467,11338,11246,15750,15786,255,255,255,0
16683,11402,16915,11465,11333,11239,15737,15769,255,255,255,0
17183,11397,16889,11458,11334,11237,15719,15756,255,255,255,0
17683,11397,16884,11456,11324,11232,15708,15745,255,255,255,0
18183,11383,16855,11449,11321,11228,15693,15731,255,255,255,0
18683,11392,16861,11448,11315,11224,15680,15712,255,255,255,0
19183,11382,16829,11444,11312,11220,15664,15700,255,255,255,0
19683,11380,16828,11437,11306,11214,15652,15686,255,255,255,0
20183,11374,16828,11435,11305,11208,15636,15670,255,255,255,0
20683,11368,16800,11425,11302,11204,15621,15650,255,255,255,0
21183,11366,16760,11423,11298,11200,15606,15640,255,255,255,0
21683,11360,16762,11420,11292,11198,15593,15629,255,255,255,0
22183,11348,16769,11418,11287,11190,15577,15613,255,255,255,0
22683,11341,16743,11413,11283,11190,15565,15597,255,255,255,0
23183,11358,16724,11408,11278,11183,15549,15579,255,255,255,0
23683,11350,16707,11405,11279,11180,15534,15568,255,255,255,0
24183,11346,16715,11400,11270,11175,15521,15554,255,255,255,0
24683,11345,16712,11399,11268,11174,15506,15543,255,255,255,0
25183,11342,16692,11397,11263,11169,15494,15527,255,255,255,0
25683,11340,16659,11392,11257,11166,15481,15516,255,255,255,0
26183,11336,16672,11386,11252,11162,15467,15501,255,255,255,0
26683,11329,16649,11386,11253,11156,15456,15489,255,255,255,0
27183,11328,16631,11382,11252,11156,15443,15474,255,255,255,0
27683,11324,16628,11378,11243,11152,15430,15463,255,255,255,0
28183,11320,16624,11375,11243,11149,15418,15452,255,255,255,0
28683,11320,16604,11371,11237,11143,15406,15440,255,255,255,0
29183,11314,16594,11368,11235,11138,15393,15427,255,255,255,0
29683,11309,16573,11366,11233,11137,15381,15415,255,255,255,0
30183,11303,16570,11359,11228,11134,15367,15403,255,255,255,0
30683,11303,16556,11356,11223,11130,15355,15391,255,255,255,0
31183,11300,16534,11353,11219,11126,15342,15378,255,255,255,0
31683,11295,16537,11346,11219,11121,15330,15363,255,255,255,0
32183,11295,16518,11345,11212,11118,15318,15352,255,255,255,0
32683,11292,16526,11344,11207,11114,15307,15341,255,255,255,0
33183,11286,16496,11336,11206,11114,15294,15330,255,255,255,0
33683,11284,16479,11334,11203,11109,15281,15318,255,255,255,0
34183,11281,16476,11331,11199,11105,15272,15307,255,255,255,0
34683,11276,16476,11327,11196,11104,15258,15292,255,255,255,0
35183,11274,16435,11323,11189,11099,15244,15280,255,255,255,0
35683,11272,16443,11320,11188,11096,15233,15268,255,255,255,0
36183,11267,16428,11318,11187,11090,15221,15256,255,255,255,0
36683,11258,16419,11314,11182,11090,15210,15244,255,255,255,0
37183,11259,16421,11307,11177,11084,15201,15231,255,255,255,0
37683,11260,16403,11308,11175,11080,15187,15223,255,255,255,0
38183,11253,16395,11304,11171,11075,15175,15207,255,255,255,0
38683,11255,16387,11298,11170,11075,15162,15196,255,255,255,0
39183,11249,16358,11300,11166,11070,15150,15186,255,255,255,0
39683,11246,16346,11292,11160,11064,15141,15174,255,255,255,0
40183,11239,16330,11288,11157,11063,15128,15162,255,255,255,0
40683,11238,16311,11285,11157,11058,15117,15150,255,255,255,0
41183,11229,16304,11284,11152,11055,15103,15140,255,255,255,0
41683,11228,16287,11280,11148,11053,15089,15128,255,255,255,0
42183,11233,16286,11277,11145,11055,15081,15120,255,255,255,0
42683,11238,16279,11274,11138,11045,15068,15107,255,255,255,0
43183,11223,16268,11269,11141,11044,15058,15094,255,255,255,0
43683,11225,16248,11266,11131,11044,15046,15083,255,255,255,0
44183,11209,16257,11261,11133,11038,15037,15072,255,255,255,0
44683,11208,16227,11258,11126,11032,15024,15061,255,255,255,0
45183,11207,16228,11255,11124,11031,15014,15047,255,255,255,0
45683,11207,16203,11255,11119,11029,14998,15035,255,255,255,0
46183,11202,16205,11248,11119,11023,14991,15022,255,255,255,0
46683,11199,16203,11243,11115,11020,14979,15012,255,255,255,0
47183,11196,16174,11239,11112,11020,14969,15004,255,255,255,0
47683,11193,16186,11240,11107,11015,14958,14990,255,255,255,0
48183,11189,16154,11235,11108,11009,14945,14980,255,255,255,0
48683,11188,16151,11231,11101,11010,14934,14966,255,255,255,0
49183,11184,16139,11230,11098,11009,14922,14960,255,255,255,0
49683,11181,16128,11226,11096,11001,14912,14946,255,255,255,0
50183,11177,16112,11222,11095,11001,14901,14935,255,255,255,0
50683,11173,16105,11220,11088,11000,14892,14927,255,255,255,0
51183,11169,16075,11217,11085,10994,14878,14914,255,255,255,0
51683,11168,16064,11215,11082,10989,14870,14906,255,255,255,0
52183,11162,16058,11212,11076,10992,14859,14893,255,255,255,0
52683,11160,16055,11206,11077,10985,14847,14883,255,255,255,0
53183,11163,16021,11205,11074,10984,14837,14875,255,255,255,0
53683,11154,16037,11203,11070,10981,14826,14861,255,255,255,0
54183,11154,16045,11198,11067,10976,14815,14851,255,255,255,0
54683,11149,16014,11194,11063,10974,14806,14837,255,255,255,0
55183,11148,16014,11193,11059,10966,14796,14827,255,255,255,0
55683,11147,15992,11187,11054,10966,14782,14819,255,255,255,0
56183,11143,15972,11186,11055,10963,14773,14811,255,255,255,0
56683,11138,15965,11183,11051,10958,14762,14797,255,255,255,0
57183,11136,15967,11178,11048,10957,14754,14789,255,255,255,0
57683,11127,15943,11174,11047,10953,14743,14779,255,255,255,0
58183,11130,15953,11173,11044,10950,14732,14769,255,255,255,0
58683,11120,15926,11168,11042,10950,14721,14756,255,255,255,0
59183,11121,15915,11169,11035,10946,14712,14744,255,255,255,0
59683,11128,15898,11166,11032,10943,14701,14740,255,255,255,0
60183,11121,15893,11162,11034,10939,14691,14727,255,255,255,0
60683,11114,15899,11158,11027,10935,14680,14719,255,255,255,0
61183,11109,15888,11158,11025,10934,14670,14709,255,255,255,0
61683,11109,15889,11152,11019,10930,14660,14695,255,255,255,0
62183,11110,15870,11151,11019,10929,14651,14684,255,255,255,0
62683,11100,15865,11147,11015,10923,14640,14674,255,255,255,0
63183,11106,15851,11143,11014,10921,14630,14669,255,255,255,0
63683,11099,15843,11137,11009,10922,14621,14656,255,255,255,0
64183,11096,15831,11138,11005,10915,14612,14646,255,255,255,0
64683,11093,15803,11136,11003,10909,14602,14639,255,255,255,0
65183,11093,15818,11131,10999,10908,14593,14628,255,255,255,0
65683,11085,15795,11130,10998,10908,14582,14619,255,255,255,0
66183,11086,15783,11128,10995,10902,14572,14607,255,255,255,0
66683,11081,15779,11123,10991,10902,14563,14599,255,255,255,0
67183,11083,15780,11120,10991,10899,14554,14588,255,255,255,0
67683,11078,15761,11117,10987,10895,14542,14580,255,255,255,0
68183,11075,15752,11115,10984,10892,14534,14568,255,255,255,0
68683,11075,15737,11113,10978,10890,14524,14561,255,255,255,0
69183,11070,15748,11108,10973,10888,14515,14550,255,255,255,0
69683,11065,15718,11105,10972,10882,14503,14540,255,255,255,0
70183,11064,15716,11106,10971,10882,14496,14531,255,255,255,0
70683,11063,15708,11101,10972,10880,14487,14522,255,255,255,0
71183,11059,15702,11098,10967,10876,14478,14512,255,255,255,0
71683,11057,15694,11095,10965,10873,14469,14503,255,255,255,0
72183,11059,15676,11093,10962,10873,14461,14498,255,255,255,0
72683,11050,15659,11090,10958,10868,14451,14486,255,255,255,0
73183,11047,15648,11086,10956,10866,14440,14481,255,255,255,0
73683,11048,15647,11086,10951,10865,14431,14467,255,255,255,0
74183,11044,15637,11084,10950,10865,14424,14461,255,255,255,0
74683,11040,15641,11079,10947,10860,14414,14452,255,255,255,0
75183,11043,15622,11077,10946,10856,14406,14440,255,255,255,0
75683,11036,15630,11073,10942,10859,14398,14432,255,255,255,0
76183,11033,15604,11070,10940,10854,14389,14425,255,255,255,0
76683,11031,15583,11069,10940,10847,14381,14415,255,255,255,0
77183,11030,15607,11067,10935,10845,14373,14405,255,255,255,0
77683,11027,15579,11062,10936,10845,14364,14393,255,255,255,0
78183,11024,15572,11062,10929,10840,14353,14391,255,255,255,0
78683,11018,15561,11057,10925,10838,14346,14379,255,255,255,0
79183,11016,15550,11055,10924,10838,14337,14372,255,255,255,0
79683,11015,15533,11053,10923,10834,14327,14364,255,255,255,0
80183,11013,15536,11049,10914,10831,14318,14355,255,255,255,0
80683,11010,15517,11048,10916,10830,14312,14345,255,255,255,0
81183,11007,15527,11046,10915,10825,14302,14338,255,255,255,0
81683,11008,15531,11042,10912,10819,14294,14326,255,255,255,0
82183,11003,15476,11040,10908,10821,14286,14321,255,255,255,0
82683,10999,15493,11037,10907,10822,14278,14312,255,255,255,0
83183,11000,15476,11034,10903,10814,14267,14304,255,255,255,0
83683,10996,15471,11032,10903,10814,14259,14296,255,255,255,0
84183,10994,15465,11030,10899,10814,14251,14287,255,255,255,0
84683,10992,15446,11027,10895,10807,14240,14277,255,255,255,0
85183,10988,15460,11026,10896,10802,14234,14268,255,255,255,0
85683,10985,15443,11025,10890,10806,14225,14260,255,255,255,0
86183,10984,15418,11020,10886,10801,14217,14254,255,255,255,0
86683,10980,15425,11015,10886,10797,14207,14245,255,255,255,0
87183,10979,15419,11015,10882,10795,14200,14236,255,255,255,0
87683,10972,15416,11011,10880,10794,14190,14228,255,255,255,0
88183,10972,15394,11009,10883,10791,14182,14221,255,255,255,0
88683,10972,15377,11009,10877,10787,14175,14211,255,255,255,0
89183,10969,15371,11004,10869,10790,14165,14199,255,255,255,0
89683,10963,15378,11003,10873,10785,14158,14196,255,255,255,0
90183,10967,15371,11002,10869,10779,14150,14186,255,255,255,0
90683,10963,15348,10997,10865,10779,14142,14178,255,255,255,0
91183,10959,15355,10995,10864,10777,14133,14169,255,255,255,0
91683,10960,15341,10994,10860,10772,14125,14163,255,255,255,0
92183,10959,15331,10992,10858,10770,14117,14154,255,255,255,0
92683,10955,15318,10988,10858,10769,14108,14147,255,255,255,0
93183,10948,15324,10986,10858,10767,14103,14139,255,255,255,0
93683,10951,15317,10980,10855,10762,14093,14129,255,255,255,0
94183,10943,15303,10980,10851,10762,14084,14122,255,255,255,0
94683,10943,15292,10978,10847,10760,14075,14114,255,255,255,0
95183,10942,15282,10979,10847,10757,14069,14106,255,255,255,0
95683,10943,15288,10974,10844,10757,14062,14098,255,255,255,0
96183,10935,15273,10972,10840,10750,14053,14090,255,255,255,0
96683,10936,15275,10968,10840,10749,14046,14079,255,255,255,0
97183,10931,15260,10966,10838,10751,14038,14075,255,255,255,0
97683,10930,15248,10964,10835,10746,14031,14064,255,255,255,0
98183,10930,15240,10961,10833,10745,14021,14060,255,255,255,0
98683,10928,15246,10958,10829,10743,14014,14048,255,255,255,0
99183,10925,15230,10957,10827,10741,14004,14042,255,255,255,0
99683,10920,15220,10955,10826,10737,13998,14037,255,255,255,0
100183,10917,15215,10951,10818,10735,13990,14027,255,255,255,0
100683,10915,15212,10952,10818,10733,13982,14017,255,255,255,0
101183,10918,15192,10948,10818,10731,13977,14011,255,255,255,0
101683,10914,15184,10947,10814,10727,13969,14005,255,255,255,0
102183,10908,15188,10945,10814,10725,13960,13995,255,255,255,0
102683,10912,15176,10938,10809,10726,13951,13989,255,255,255,0
103183,10906,15162,10937,10808,10723,13946,13980,255,255,255,0
103683,10902,15163,10934,10806,10720,13937,13972,255,255,255,0
104183,10901,15177,10933,10802,10717,13930,13963,255,255,255,0
104683,10900,15150,10930,10801,10717,13921,13958,255,255,255,0
105183,10899,15146,10931,10800,10713,13913,13949,255,255,255,0
105683,10893,15133,10926,10800,10710,13908,13942,255,255,255,0
106183,10891,15115,10923,10795,10710,13899,13935,255,255,255,0
106683,10889,15107,10924,10793,10705,13891,13927,255,255,255,0
107183,10890,15109,10920,10791,10702,13880,13920,255,255,255,0
107683,10885,15113,10917,10790,10703,13875,13910,255,255,255,0
108183,10889,15099,10917,10785,10701,13867,13903,255,255,255,0
108683,10883,15085,10912,10785,10696,13862,13898,255,255,255,0
109183,10877,15072,10910,10784,10693,13853,13891,255,255,255,0
109683,10875,15075,10910,10780,10692,13845,13881,255,255,255,0
110183,10877,15055,10906,10774,10689,13838,13875,255,255,255,0
110683,10873,15055,10905,10773,10688,13831,13868,255,255,255,0
111183,10868,15048,10901,10772,10689,13823,13862,255,255,255,0
111683,10872,15046,10899,10771,10683,13815,13853,255,255,255,0
112183,10867,15033,10898,10770,10679,13810,13844,255,255,255,0
112683,10863,15038,10895,10766,10681,13800,13835,255,255,255,0
113183,10864,15027,10894,10767,10680,13795,13830,255,255,255,0
113683,10864,15020,10891,10764,10679,13785,13824,255,255,255,0
114183,10859,14999,10889,10762,10671,13782,13814,255,255,255,0
114683,10856,15000,10888,10755,10673,13770,13808,255,255,255,0
115183,10854,14980,10883,10757,10670,13765,13801,255,255,255,0
115683,10850,14977,10884,10753,10667,13758,13796,255,255,255,0
116183,10852,14980,10881,10750,10664,13752,13787,255,255,255,0
116683,10849,14973,10878,10750,10666,13745,13781,255,255,255,0
117183,10849,14958,10879,10749,10658,13737,13774,255,255,255,0
117683,10846,14949,10874,10745,10656,13731,13768,255,255,255,0
118183,10840,14932,10872,10747,10654,13723,13760,255,255,255,0
118683,10841,14932,10872,10742,10657,13718,13755,255,255,255,0
119183,10841,14937,10868,10739,10654,13709,13744,255,255,255,0
119683,10838,14939,10866,10739,10652,13702,13739,255,255,255,0
120183,10835,14931,10864,10735,10654,13697,13728,255,255,255,0
120683,10833,14914,10862,10733,10649,13689,13725,255,255,255,0
121183,10830,14912,10860,10733,10645,13683,13718,255,255,255,0
121683,10831,14905,10859,10728,10647,13677,13712,255,255,255,0
122183,10823,14883,10858,10728,10641,13669,13707,255,255,255,0
122683,10824,14879,10853,10724,10640,13663,13700,255,255,255,0
123183,10822,14875,10853,10724,10636,13657,13693,255,255,255,0
123683,10819,14869,10850,10721,10640,13649,13687,255,255,255,0
124183,10819,14854,10847,10723,10635,13644,13679,255,255,255,0
124683,10819,14849,10848,10718,10630,13635,13674,255,255,255,0
125183,10814,14854,10844,10716,10630,13630,13668,255,255,255,0
125683,10813,14847,10843,10710,10628,13624,13659,255,255,255,0
126183,10814,14836,10841,10714,10627,13617,13655,255,255,255,0
126683,10810,14845,10839,10711,10625,13611,13647,255,255,255,0
127183,10806,14835,10837,10709,10623,13604,13643,255,255,255,0
127683,10807,14830,10835,10706,10624,13598,13634,255,255,255,0
128183,10804,14817,10834,10705,10616,13591,13628,255,255,255,0
128683,10802,14803,10829,10701,10621,13583,13622,255,255,255,0
129183,10801,14803,10829,10699,10617,13577,13615,255,255,255,0
129683,10802,14783,10827,10698,10613,13571,13611,255,255,255,0
130183,10796,14793,10825,10698,10614,13566,13604,255,255,255,0
130683,10793,14783,10822,10695,10609,13557,13594,255,255,255,0
111,10791,14784,10820,10693,10606,13551,13587,255,255,255,0
611,10790,14764,10818,10692,10603,13546,13581,255,255,255,0
1111,10791,14757,10816,10689,10606,13538,13576,255,255,255,0
1611,10786,14758,10814,10688,10603,13533,13569,255,255,255,0
2111,10788,14749,10814,10685,10598,13527,13564,255,255,255,0
2611,10781,14740,10811,10683,10599,13519,13557,255,255,255,0
3111,10780,14735,10808,10683,10596,13513,13551,255,255,255,0
3611,10777,14740,10806,10680,10595,13506,13544,255,255,255,0
4111,10781,14729,10804,10680,10592,13500,13535,255,255,255,0
4611,10776,14723,10806,10677,10590,13493,13531,255,255,255,0
5111,10771,14711,10800,10674,10589,13486,13525,255,255,255,0
5611,10768,14700,10799,10671,10586,13480,13518,255,255,255,0
6111,10767,14701,10797,10672,10590,13472,13510,255,255,255,0
6611,10767,14695,10795,10669,10586,13466,13506,255,255,255,0
7111,10765,14684,10793,10669,10583,13460,13497,255,255,255,0
7611,10766,14682,10792,10663,10582,13452,13492,255,255,255,0
8111,10762,14676,10786,10664,10577,13448,13485,255,255,255,0
8611,10760,14656,10788,10661,10576,13441,13478,255,255,255,0
9111,10757,14656,10788,10659,10579,13436,13472,255,255,255,0
9611,10760,14649,10784,10654,10573,13428,13468,255,255,255,0
10111,10758,14635,10782,10656,10570,13421,13460,255,255,255,0
10611,10755,14641,10782,10652,10569,13416,13452,255,255,255,0
11111,10748,14641,10779,10651,10572,13408,13445,255,255,255,0
11611,10748,14632,10777,10650,10566,13403,13439,255,255,255,0
12111,10747,14613,10774,10648,10562,13396,13435,255,255,255,0
12611,10745,14611,10774,10642,10563,13388,13428,255,255,255,0
13111,10744,14610,10769,10644,10558,13383,13423,255,255,255,0
13611,10744,14596,10767,10641,10558,13376,13414,255,255,255,0
14111,10742,14598,10767,10637,10554,13369,13408,255,255,255,0
14611,10736,14591,10766,10635,10556,13363,13401,255,255,255,0
15111,10738,14568,10761,10636,10550,13357,13396,255,255,255,0
15611,10735,14576,10763,10629,10551,13352,13390,255,255,255,0
16111,10732,14578,10758,10628,10550,13342,13384,255,255,255,0
16611,10729,14559,10759,10630,10545,13338,13376,255,255,255,0
17111,10730,14567,10756,10628,10545,13330,13369,255,255,255,0
17611,10726,14563,10754,10623,10547,13326,13360,255,255,255,0
18111,10724,14550,10750,10625,10542,13319,13357,255,255,255,0
18611,10722,14542,10748,10623,10540,13313,13351,255,255,255,0
19111,10723,14528,10749,10619,10536,13306,13345,255,255,255,0
19611,10723,14515,10745,10618,10537,13298,13336,255,255,255,0
20111,10720,14507,10744,10617,10531,13293,13332,255,255,255,0
20611,10714,14498,10741,10615,10532,13290,13326,255,255,255,0
21111,10714,14498,10742,10612,10533,13283,13321,255,255,255,0
21611,10712,14494,10739,10609,10528,13275,13313,255,255,255,0
22111,10710,14492,10738,10608,10525,13269,13307,255,255,255,0
22611,10709,14492,10732,10607,10527,13262,13301,255,255,255,0
23111,10707,14469,10732,10607,10521,13258,13295,255,255,255,0
23611,10705,14472,10732,10602,10522,13250,13289,255,255,255,0
24111,10703,14465,10732,10598,10519,13245,13284,255,255,255,0
24611,10703,14471,10728,10597,10518,13238,13276,255,255,255,0
25111,10700,14442,10725,10600,10516,13232,13271,255,255,255,0
25611,10700,14441,10724,10598,10514,13228,13264,255,255,255,0
26111,10699,14434,10722,10596,10511,13219,13260,255,255,255,0
26611,10698,14440,10719,10592,10510,13212,13252,255,255,255,0
27111,10693,14420,10719,10591,10508,13208,13246,255,255,255,0
27611,10690,14421,10715,10587,10505,13201,13240,255,255,255,0
28111,10692,14415,10715,10586,10504,13193,13234,255,255,255,0
28611,10689,14402,10714,10585,10505,13188,13228,255,255,255,0
29111,10686,14412,10710,10583,10502,13183,13221,255,255,255,0
29611,10684,14397,10708,10580,10502,13177,13214,255,255,255,0
30111,10683,14390,10706,10580,10495,13171,13208,255,255,255,0
30611,10679,14397,10706,10574,10495,13165,13204,255,255,255,0
31111,10679,14389,10703,10577,10496,13158,13195,255,255,255,0
31611,10680,14379,10703,10573,10491,13152,13190,255,255,255,0
32111,10672,14377,10698,10575,10489,13147,13184,255,255,255,0
32611,10672,14348,10698,10574,10489,13140,13179,255,255,255,0
33111,10673,14366,10697,10568,10488,13135,13173,255,255,255,0
33611,10669,14347,10694,10564,10488,13129,13165,255,255,255,0
34111,10669,14348,10692,10566,10484,13124,13162,255,255,255,0
34611,10667,14335,10691,10565,10485,13117,13155,255,255,255,0
35111,10668,14337,10689,10559,10479,13112,13148,255,255,255,0
35611,10659,14324,10684,10558,10478,13106,13142,255,255,255,0
36111,10662,14320,10683,10559,10477,13103,13135,255,255,255,0
36611,10660,14320,10681,10556,10476,13096,13131,255,255,255,0
37111,10661,14303,10681,10553,10473,13090,13124,255,255,255,0
37611,10655,14305,10680,10553,10470,13086,13120,255,255,255,0
38111,10655,14300,10677,10548,10473,13081,13112,255,255,255,0
38611,10654,14291,10676,10545,10470,13072,13104,255,255,255,0
39111,10651,14276,10670,10548,10464,13067,13100,255,255,255,0
39611,10649,14290,10671,10548,10465,13060,13093,255,255,255,0
40111,10648,14272,10668,10543,10462,13054,13087,255,255,255,0
40611,10647,14269,10666,10543,10459,13048,13079,255,255,255,0
41111,10643,14260,10669,10540,10460,13042,13077,255,255,255,0
41611,10646,14259,10664,10538,10457,13035,13069,255,255,255,0
42111,10640,14248,10663,10537,10455,13029,13064,255,255,255,0
42611,10638,14243,10661,10534,10452,13024,13057,255,255,255,0
43111,10637,14233,10657,10529,10453,13017,13050,255,255,255,0
43611,10637,14234,10659,10531,10450,13011,13047,255,255,255,0
44111,10632,14226,10656,10532,10445,13005,13040,255,255,255,0
44611,10629,14213,10652,10528,10450,12999,13034,255,255,255,0
45111,10629,14203,10654,10525,10447,12992,13029,255,255,255,0
45611,10627,14212,10649,10523,10441,12988,13022,255,255,255,0
46111,10626,14204,10646,10523,10442,12983,13015,255,255,255,0
46611,10623,14196,10648,10520,10438,12977,13010,255,255,255,0
47111,10626,14184,10643,10519,10436,12971,13005,255,255,255,0
47611,10620,14184,10642,10515,10440,12962,13000,255,255,255,0
48111,10618,14168,10643,10513,10436,12958,12993,255,255,255,0
48611,10618,14174,10642,10513,10431,12954,12987,255,255,255,0
49111,10617,14163,10635,10511,10430,12946,12982,255,255,255,0
49611,10610,14156,10637,10507,10429,12940,12976,255,255,255,0
50111,10613,14145,10634,10505,10426,12935,12970,255,255,255,0
50611,10613,14147,10629,10508,10428,12929,12962,255,255,255,0
51111,10605,14139,10629,10505,10426,12924,12957,255,255,255,0
51611,10606,14128,10627,10502,10424,12917,12951,255,255,255,0
52111,10608,14127,10624,10501,10419,12911,12947,255,255,255,0
52611,10605,14129,10624,10499,10420,12904,12941,255,255,255,0
53111,10603,14108,10622,10498,10417,12898,12934,255,255,255,0
53611,10603,14109,10619,10498,10415,12894,12928,255,255,255,0
54111,10597,14109,10621,10493,10416,12889,12923,255,255,255,0
54611,10596,14091,10618,10494,10409,12882,12917,255,255,255,0
55111,10594,14083,10616,10491,10408,12877,12912,255,255,255,0
55611,10591,14089,10614,10491,10406,12868,12904,255,255,255,0
56111,10593,14086,10611,10489,10407,12864,12898,255,255,255,0
56611,10590,14061,10609,10484,10403,12860,12894,255,255,255,0
57111,10587,14073,10609,10485,10402,12854,12889,255,255,255,0
57611,10585,14066,10605,10484,10404,12848,12881,255,255,255,0
58111,10585,14057,10603,10479,10401,12842,12876,255,255,255,0
58611,10581,14054,10604,10480,10397,12835,12872,255,255,255,0
59111,10583,14051,10601,10477,10398,12830,12864,255,255,255,0
59611,10580,14040,10599,10475,10397,12823,12860,255,255,255,0
60111,10579,14031,10599,10471,10394,12816,12855,255,255,255,0
60611,10572,14035,10595,10471,10390,12812,12849,255,255,255,0
61111,10575,14023,10594,10471,10392,12806,12843,255,255,255,0
61611,10572,14025,10593,10470,10389,12801,12836,255,255,255,0
62111,10574,14020,10592,10468,10386,12794,12828,255,255,255,0
62611,10571,14002,10587,10465,10389,12789,12824,255,255,255,0
63111,10568,13995,10590,10463,10384,12782,12818,255,255,255,0
63611,10565,13995,10586,10462,10382,12777,12813,255,255,255,0
64111,10566,13992,10583,10461,10380,12772,12805,255,255,255,0
64611,10563,13988,10586,10461,10378,12766,12802,255,255,255,0
65111,10561,13972,10578,10458,10375,12761,12797,255,255,255,0
65611,10561,13978,10578,10458,10374,12756,12791,255,255,255,0
66111,10557,13961,10577,10453,10378,12749,12785,255,255,255,0
66611,10556,13953,10574,10449,10374,12741,12781,255,255,255,0
67111,10555,13947,10571,10449,10367,12738,12776,255,255,255,0
67611,10551,13951,10573,10449,10366,12732,12766,255,255,255,0
68111,10549,13940,10569,10448,10364,12725,12762,255,255,255,0
68611,10553,13936,10567,10448,10364,12720,12756,255,255,255,0
69111,10551,13933,10568,10446,10363,12713,12750,255,255,255,0
69611,10547,13923,10563,10442,10359,12710,12744,255,255,255,0
70111,10543,13920,10562,10437,10360,12705,12739,255,255,255,0
70611,10545,13912,10563,10438,10357,12696,12734,255,255,255,0
71111,10541,13919,10559,10436,10355,12694,12728,255,255,255,0
71611,10538,13904,10558,10432,10356,12688,12724,255,255,255,0
72111,10539,13892,10557,10437,10354,12681,12716,255,255,255,0
72611,10535,13891,10555,10432,10350,12676,12711,255,255,255,0
73111,10532,13884,10552,10429,10349,12671,12706,255,255,255,0
73611,10535,13886,10551,10433,10349,12664,12701,255,255,255,0
74111,10533,13875,10550,10430,10347,12661,12695,255,255,255,0
74611,10527,13871,10545,10426,10345,12653,12690,255,255,255,0
75111,10530,13864,10545,10425,10345,12648,12685,255,255,255,0
75611,10527,13855,10546,10422,10341,12642,12680,255,255,255,0
76111,10524,13851,10541,10420,10340,12636,12673,255,255,255,0
76611,10523,13849,10544,10419,10341,12629,12667,255,255,255,0
77111,10520,13842,10538,10421,10337,12627,12662,255,255,255,0
77611,10521,13838,10538,10416,10334,12621,12657,255,255,255,0
78111,10521,13829,10538,10411,10333,12616,12653,255,255,255,0
78611,10514,13829,10531,10415,10332,12611,12644,255,255,255,0
79111,10514,13815,10534,10409,10330,12605,12639,255,255,255,0
79611,10516,13814,10532,10405,10329,12599,12634,255,255,255,0
80111,10513,13803,10528,10407,10328,12593,12629,255,255,255,0
80611,10511,13807,10528,10408,10325,12586,12623,255,255,255,0
81111,10514,13793,10528,10404,10325,12581,12616,255,255,255,0
81611,10509,13796,10525,10403,10326,12577,12611,255,255,255,0
82111,10504,13782,10522,10403,10323,12571,12607,255,255,255,0
82611,10504,13778,10524,10399,10320,12567,12604,255,255,255,0
83111,10506,13784,10519,10398,10317,12560,12596,255,255,255,0
83611,10502,13768,10517,10397,10318,12556,12592,255,255,255,0
84111,10497,13771,10515,10395,10316,12548,12588,255,255,255,0
84611,10496,13759,10514,10394,10314,12542,12579,255,255,255,0
85111,10495,13747,10513,10390,10314,12538,12576,255,255,255,0
85611,10494,13750,10513,10388,10309,12534,12571,255,255,255,0
86111,10491,13742,10510,10391,10308,12527,12566,255,255,255,0
86611,10494,13733,10508,10386,10309,12522,12560,255,255,255,0
87111,10490,13736,10508,10384,10307,12518,12554,255,255,255,0
87611,10485,13730,10504,10384,10304,12513,12550,255,255,255,0
88111,10485,13724,10500,10381,10301,12506,12542,255,255,255,0
88611,10485,13715,10501,10382,10302,12501,12539,255,255,255,0
89111,10483,13703,10500,10379,10301,12497,12533,255,255,255,0
89611,10480,13707,10497,10376,10296,12489,12526,255,255,255,0
90111,10479,13698,10494,10377,10289,12485,12523,255,255,255,0
90611,10481,13692,10496,10374,10295,12480,12516,255,255,255,0
91111,10476,13683,10491,10371,10293,12473,12511,255,255,255,0
91611,10476,13677,10491,10373,10291,12471,12506,255,255,255,0
92111,10474,13668,10489,10370,10292,12463,12500,255,255,255,0
92611,10474,13664,10488,10366,10286,12458,12496,255,255,255,0
93111,10468,13660,10485,10368,10285,12453,12490,255,255,255,0
93611,10470,13658,10485,10363,10290,12448,12487,255,255,255,0
94111,10467,13652,10482,10361,10286,12442,12477,255,255,255,0
94611,10467,13645,10484,10364,10282,12436,12474,255,255,255,0
95111,10466,13647,10481,10359,10281,12433,12468,255,255,255,0
95611,10462,13636,10479,10359,10281,12426,12463,255,255,255,0
96111,10462,13633,10479,10357,10276,12422,12460,255,255,255,0
96611,10461,13624,10476,10354,10276,12416,12453,255,255,255,0
97111,10458,13615,10474,10352,10276,12411,12449,255,255,255,0
97611,10455,13611,10474,10355,10272,12405,12443,255,255,255,0
98111,10453,13608,10472,10352,10272,12401,12438,255,255,255,0
98611,10453,13609,10469,10348,10272,12395,12433,255,255,255,0
99111,10450,13600,10469,10344,10265,12390,12425,255,255,255,0
99611,10450,13599,10464,10344,10268,12384,12421,255,255,255,0
100111,10448,13590,10464,10345,10267,12380,12417,255,255,255,0
100611,10447,13588,10467,10341,10264,12374,12409,255,255,255,0
101111,10446,13579,10459,10342,10263,12369,12406,255,255,255,0
101611,10444,13571,10460,10337,10260,12363,12402,255,255,255,0
102111,10442,13573,10456,10338,10263,12359,12397,255,255,255,0
102611,10442,13564,10456,10337,10258,12355,12390,255,255,255,0
103111,10439,13565,10456,10332,10254,12348,12387,255,255,255,0
103611,10438,13546,10455,10330,10256,12343,12380,255,255,255,0
104111,10439,13549,10453,10330,10254,12337,12374,255,255,255,0
104611,10437,13547,10450,10332,10252,12334,12368,255,255,255,0
105111,10432,13541,10449,10326,10250,12328,12365,255,255,255,0
105611,10435,13536,10446,10326,10251,12324,12360,255,255,255,0
106111,10427,13526,10449,10328,10248,12318,12356,255,255,255,0
106611,10427,13525,10444,10320,10244,12312,12350,255,255,255,0
107111,10431,13520,10441,10321,10246,12308,12344,255,255,255,0
107611,10431,13508,10443,10319,10242,12303,12342,255,255,255,0
108111,10426,13505,10438,10318,10239,12296,12333,255,255,255,0
108611,10424,13496,10438,10320,10246,12293,12329,255,255,255,0
109111,10423,13491,10439,10316,10239,12288,12325,255,255,255,0
109611,10421,13485,10436,10314,10235,12281,12320,255,255,255,0
110111,10419,13487,10434,10314,10234,12276,12314,255,255,255,0
110611,10418,13478,10434,10312,10235,12271,12310,255,255,255,0
111111,10418,13473,10427,10307,10230,12268,12305,255,255,255,0
111611,10415,13476,10428,10310,10230,12262,12300,255,255,255,0
112111,10411,13468,10430,10305,10233,12259,12293,255,255,255,0
112611,10411,13455,10424,10304,10225,12252,12290,255,255,255,0
113111,10416,13448,10426,10304,10225,12247,12286,255,255,255,0
113611,10412,13448,10424,10299,10227,12242,12278,255,255,255,0
114111,10406,13440,10422,10302,10224,12236,12276,255,255,255,0
114611,10408,13439,10420,10301,10222,12233,12271,255,255,255,0
115111,10405,13431,10417,10295,10220,12228,12265,255,255,255,0
115611,10405,13425,10415,10298,10218,12223,12261,255,255,255,0
116111,10403,13423,10414,10296,10218,12218,12257,255,255,255,0
116611,10404,13420,10414,10295,10216,12214,12250,255,255,255,0
117111,10400,13414,10410,10290,10215,12208,12243,255,255,255,0
117611,10398,13408,10413,10292,10213,12205,12241,255,255,255,0
118111,10395,13401,10409,10289,10212,12199,12237,255,255,255,0
118611,10395,13397,10407,10286,10210,12193,12230,255,255,255,0
119111,10395,13392,10410,10288,10208,12189,12228,255,255,255,0
119611,10393,13388,10403,10287,10209,12184,12221,255,255,255,0
120111,10389,13376,10402,10284,10205,12179,12217,255,255,255,0
120611,10390,13388,10400,10283,10205,12176,12214,255,255,255,0
121111,10386,13379,10402,10281,10204,12170,12209,255,255,255,0
121611,10386,13375,10398,10279,10201,12165,12204,255,255,255,0
122111,10388,13370,10396,10276,10204,12162,12200,255,255,255,0
122611,10384,13361,10398,10278,10199,12159,12194,255,255,255,0
123111,10382,13352,10394,10276,10197,12151,12190,255,255,255,0
123611,10383,13348,10392,10274,10199,12149,12185,255,255,255,0
124111,10382,13344,10390,10274,10195,12144,12184,255,255,255,0
124611,10378,13338,10388,10271,10194,12137,12177,255,255,255,0
125111,10376,13344,10388,10270,10196,12135,12173,255,255,255,0
125611,10375,13339,10392,10271,10194,12130,12166,255,255,255,0
126111,10377,13327,10386,10267,10190,12124,12162,255,255,255,0
126611,10376,13324,10386,10263,10189,12121,12159,255,255,255,0
127111,10374,13325,10385,10268,10186,12115,12154,255,255,255,0
127611,10371,13320,10383,10266,10187,12112,12149,255,255,255,0
128111,10368,13312,10382,10260,10185,12108,12148,255,255,255,0
128611,10369,13313,10381,10264,10187,12104,12139,255,255,255,0
129111,10370,13308,10379,10265,10182,12100,12137,255,255,255,0
129611,10366,13306,10379,10260,10180,12095,12131,255,255,255,0
130111,10365,13302,10380,10256,10181,12090,12126,255,255,255,0
130611,10365,13294,10376,10258,10179,12085,12122,255,255,255,0
39,10362,13292,10376,10255,10176,12083,12118,255,255,255,0
539,10367,13292,10376,10256,10176,12078,12114,255,255,255,0
1039,10363,13289,10375,10253,10176,12075,12110,255,255,255,0
1539,10360,13285,10373,10252,10174,12069,12107,255,255,255,0
2039,10364,13280,10373,10251,10173,12064,12102,255,255,255,0
2539,10359,13285,10370,10251,10175,12063,12099,255,255,255,0
3039,10356,13279,10371,10250,10170,12059,12094,255,255,255,0
3539,10358,13272,10369,10246,10168,12053,12091,255,255,255,0
4039,10361,13264,10367,10247,10173,12050,12087,255,255,255,0
4539,10356,13264,10367,10248,10170,12046,12084,255,255,255,0
5039,10354,13261,10368,10247,10168,12045,12081,255,255,255,0
5539,10355,13259,10367,10246,10169,12040,12078,255,255,255,0
6039,10351,13255,10365,10245,10167,12038,12072,255,255,255,0
6539,10353,13254,10364,10241,10168,12033,12070,255,255,255,0
7039,10351,13252,10362,10241,10164,12029,12066,255,255,255,0
7539,10353,13250,10360,10242,10165,12028,12063,255,255,255,0
8039,10352,13249,10364,10240,10163,12023,12061,255,255,255,0
8539,10348,13244,10360,10240,10163,12022,12057,255,255,255,0
9039,10346,13246,10360,10239,10164,12020,12054,255,255,255,0
9539,10350,13241,10363,10237,10161,12016,12052,255,255,255,0
10039,10348,13242,10357,10236,10159,12013,12050,255,255,255,0
10539,10345,13238,10356,10237,10158,12011,12046,255,255,255,0
11039,10348,13232,10357,10234,10162,12007,12045,255,255,255,0
11539,10346,13230,10355,10235,10156,12006,12042,255,255,255,0
12039,10343,13229,10355,10233,10160,12003,12039,255,255,255,0
12539,10343,13223,10358,10234,10159,12002,12035,255,255,255,0
13039,10343,13227,10354,10233,10158,11998,12032,255,255,255,0
13539,10341,13219,10355,10237,10156,11995,12029,255,255,255,0
14039,10340,13224,10353,10229,10159,11994,12028,255,255,255,0
14539,10343,13219,10351,10230,10153,11990,12027,255,255,255,0
15039,10338,13215,10350,10231,10152,11989,12025,255,255,255,0
15539,10340,13221,10353,10229,10156,11987,12022,255,255,255,0
16039,10337,13214,10351,10229,10154,11984,12020,255,255,255,0
16539,10340,13209,10348,10231,10152,11983,12018,255,255,255,0
17039,10338,13208,10350,10228,10151,11979,12015,255,255,255,0
17539,10337,13207,10349,10225,10151,11978,12013,255,255,255,0
18039,10336,13200,10346,10226,10146,11977,12012,255,255,255,0
18539,10336,13200,10348,10225,10151,11973,12009,255,255,255,0
19039,10336,13193,10345,10224,10150,11971,12007,255,255,255,0
19539,10338,13202,10345,10224,10147,11971,12005,255,255,255,0
20039,10336,13192,10346,10226,10150,11968,12005,255,255,255,0
20539,10334,13187,10344,10225,10150,11967,12001,255,255,255,0
21039,10333,13196,10343,10224,10147,11965,12001,255,255,255,0
21539,10334,13192,10345,10225,10145,11963,11998,255,255,255,0
22039,10331,13187,10342,10225,10149,11961,11995,255,255,255,0
22539,10333,13187,10341,10222,10146,11961,11994,255,255,255,0
23039,10333,13180,10343,10220,10145,11959,11993,255,255,255,0
23539,10331,13185,10341,10221,10144,11956,11990,255,255,255,0
24039,10329,13179,10342,10218,10142,11955,11989,255,255,255,0
24539,10326,13182,10341,10220,10143,11953,11987,255,255,255,0
25039,10334,13177,10339,10220,10142,11950,11986,255,255,255,0
25539,10328,13181,10340,10219,10144,11951,11983,255,255,255,0
26039,10329,13172,10337,10218,10141,11947,11982,255,255,255,0
26539,10329,13171,10335,10216,10143,11946,11979,255,255,255,0
27039,10330,13175,10336,10217,10142,11945,11978,255,255,255,0
27539,10326,13169,10339,10214,10140,11943,11976,255,255,255,0
28039,10323,13169,10334,10218,10141,11942,11975,255,255,255,0
28539,10330,13168,10337,10218,10139,11941,11974,255,255,255,0
29039,10327,13170,10336,10214,10140,11937,11972,255,255,255,0
29539,10325,13172,10335,10216,10139,11938,11971,255,255,255,0
30039,10324,13162,10336,10214,10137,11936,11969,255,255,255,0
30539,10325,13164,10335,10213,10139,11936,11970,255,255,255,0
31039,10325,13166,10331,10215,10137,11932,11965,255,255,255,0
31539,10324,13160,10334,10213,10136,11933,11965,255,255,255,0
32039,10321,13161,10333,10212,10139,11931,11963,255,255,255,0
32539,10323,13163,10331,10214,10135,11929,11963,255,255,255,0
33039,10321,13153,10333,10215,10137,11928,11961,255,255,255,0
33539,10320,13153,10334,10211,10137,11927,11960,255,255,255,0
34039,10321,13152,10331,10211,10137,11926,11961,255,255,255,0
34539,10324,13157,10331,10214,10134,11925,11958,255,255,255,0
35039,10323,13159,10333,10212,10135,11924,11958,255,255,255,0
35539,10317,13151,10332,10210,10133,11923,11955,255,255,255,0
36039,10317,13148,10329,10211,10134,11921,11956,255,255,255,0
36539,10318,13150,10335,10209,10135,11919,11951,255,255,255,0
37039,10318,13150,10330,10207,10131,11918,11954,255,255,255,0
37539,10319,13150,10331,10211,10134,11917,11952,255,255,255,0
38039,10320,13142,10328,10211,10133,11917,11949,255,255,255,0
38539,10319,13136,10329,10210,10135,11915,11947,255,255,255,0
39039,10319,13139,10327,10212,10130,11914,11949,255,255,255,0
39539,10317,13141,10327,10210,10133,11913,11947,255,255,255,0
40039,10319,13141,10331,10210,10134,11912,11945,255,255,255,0
40539,10319,13134,10328,10209,10130,11911,11944,255,255,255,0
41039,10315,13139,10327,10211,10133,11911,11944,255,255,255,0
41539,10319,13133,10326,10208,10131,11909,11943,255,255,255,0
42039,10315,13133,10326,10208,10130,11908,11941,255,255,255,0
42539,10315,13134,10327,10207,10131,11907,11939,255,255,255,0
43039,10319,13124,10323,10208,10128,11905,11940,255,255,255,0
43539,10317,13137,10326,10206,10129,11904,11939,255,255,255,0
44039,10314,13128,10326,10209,10128,11902,11937,255,255,255,0
44539,10317,13130,10325,10206,10128,11903,11937,255,255,255,0
45039,10316,13133,10326,10207,10128,11902,11936,255,255,255,0
45539,10313,13124,10325,10204,10127,11901,11934,255,255,255,0
46039,10315,13132,10323,10206,10127,11901,11934,255,255,255,0
46539,10314,13128,10325,10204,10128,11899,11933,255,255,255,0
47039,10315,13125,10322,10205,10127,11899,11933,255,255,255,0
47539,10315,13129,10322,10204,10126,11896,11932,255,255,255,0
48039,10312,13122,10324,10202,10128,11897,11929,255,255,255,0
48539,10312,13125,10323,10204,10128,11897,11930,255,255,255,0
49039,10314,13118,10323,10201,10126,11896,11930,255,255,255,0
49539,10311,13126,10324,10203,10129,11895,11928,255,255,255,0
50039,10314,13122,10322,10205,10126,11893,11928,255,255,255,0
50539,10316,13118,10321,10202,10128,11892,11928,255,255,255,0
51039,10310,13126,10325,10202,10126,11892,11926,255,255,255,0
51539,10311,13120,10323,10203,10127,11891,11925,255,255,255,0
52039,10312,13117,10322,10202,10125,11891,11925,255,255,255,0
52539,10313,13118,10320,10205,10124,11891,11923,255,255,255,0
53039,10310,13123,10324,10205,10124,11889,11923,255,255,255,0
53539,10312,13115,10321,10202,10126,11888,11923,255,255,255,0
54039,10312,13111,10321,10200,10124,11888,11921,255,255,255,0
54539,10313,13118,10323,10202,10125,11886,11920,255,255,255,0
55039,10310,13119,10320,10203,10124,11887,11919,255,255,255,0
55539,10313,13112,10318,10200,10122,11885,11920,255,255,255,0
56039,10310,13118,10321,10199,10126,11886,11918,255,255,255,0
56539,10310,13114,10321,10203,10125,11885,11916,255,255,255,0
57039,10313,13115,10320,10201,10124,11884,11918,255,255,255,0
57539,10307,13112,10320,10200,10126,11884,11919,255,255,255,0
58039,10310,13108,10319,10199,10125,11883,11916,255,255,255,0
58539,10309,13110,10320,10198,10123,11883,11914,255,255,255,0
59039,10311,13110,10316,10198,10125,11881,11916,255,255,255,0
59539,10310,13114,10321,10201,10125,11880,11915,255,255,255,0
60039,10310,13112,10319,10197,10125,11880,11915,255,255,255,0
60539,10307,13103,10317,10196,10120,11880,11913,255,255,255,0
61039,10308,13107,10319,10198,10127,11879,11913,255,255,255,0
61539,10308,13104,10319,10199,10123,11879,11912,255,255,255,0
62039,10310,13105,10319,10198,10122,11878,11912,255,255,255,0
62539,10311,13107,10318,10197,10123,11878,11912,255,255,255,0
63039,10309,13104,10317,10197,10120,11877,11910,255,255,255,0
63539,10306,13104,10316,10198,10120,11877,11911,255,255,255,0
64039,10306,13101,10318,10199,10124,11876,11909,255,255,255,0
64539,10308,13101,10320,10195,10123,11875,11909,255,255,255,0
65039,10308,13108,10317,10197,10120,11874,11909,255,255,255,0
65539,10308,13106,10318,10196,10125,11874,11908,255,255,255,0
66039,10312,13099,10318,10196,10125,11873,11908,255,255,255,0
66539,10308,13102,10316,10195,10121,11874,11908,255,255,255,0
67039,10306,13102,10316,10196,10122,11874,11905,255,255,255,0
67539,10308,13100,10319,10196,10122,11872,11905,255,255,255,0
68039,10310,13096,10316,10195,10119,11871,11904,255,255,255,0
68539,10303,13106,10316,10195,10118,11872,11905,255,255,255,0
69039,10305,13097,10318,10196,10122,11871,11904,255,255,255,0
69539,10306,13095,10316,10197,10122,11871,11903,255,255,255,0
70039,10303,13101,10316,10195,10119,11869,11902,255,255,255,0
70539,10308,13097,10316,10197,10124,11871,11904,255,255,255,0
71039,10305,13098,10315,10192,10120,11868,11902,255,255,255,0
71539,10306,13091,10315,10193,10119,11868,11900,255,255,255,0
72039,10305,13097,10313,10196,10122,11868,11901,255,255,255,0
72539,10304,13093,10315,10189,10117,11867,11900,255,255,255,0
73039,10305,13093,10315,10193,10118,11867,11898,255,255,255,0
73539,10306,13100,10314,10193,10120,11866,11900,255,255,255,0
74039,10302,13090,10314,10192,10117,11866,11899,255,255,255,0
74539,10303,13092,10314,10193,10119,11866,11898,255,255,255,0
75039,10308,13094,10314,10194,10117,11864,11898,255,255,255,0
75539,10302,13096,10315,10193,10118,11865,11898,255,255,255,0
76039,10303,13092,10313,10193,10118,11863,11898,255,255,255,0
76539,10303,13099,10313,10193,10119,11864,11897,255,255,255,0
77039,10305,13092,10315,10194,10119,11862,11896,255,255,255,0
77539,10303,13089,10313,10193,10119,11862,11895,255,255,255,0
78039,10302,13091,10313,10195,10116,11862,11896,255,255,255,0
78539,10303,13096,10313,10195,10113,11861,11896,255,255,255,0
79039,10302,13090,10313,10193,10116,11862,11893,255,255,255,0
79539,10304,13089,10313,10192,10119,11861,11895,255,255,255,0
80039,10303,13090,10312,10193,10117,11861,11894,255,255,255,0
80539,10305,13093,10313,10193,10117,11861,11894,255,255,255,0
81039,10302,13090,10313,10195,10117,11862,11892,255,255,255,0
81539,10302,13091,10310,10193,10116,11859,11891,255,255,255,0
82039,10300,13089,10313,10192,10119,11859,11891,255,255,255,0
82539,10304,13085,10311,10196,10117,11859,11890,255,255,255,0
83039,10301,13085,10310,10193,10114,11859,11891,255,255,255,0
83539,10302,13087,10311,10192,10116,11856,11892,255,255,255,0
84039,10304,13093,10311,10192,10118,11858,11892,255,255,255,0
84539,10303,13087,10310,10193,10117,11856,11889,255,255,255,0
85039,10300,13093,10314,10191,10116,11859,11890,255,255,255,0
85539,10303,13082,10310,10194,10117,11856,11890,255,255,255,0
86039,10305,13082,10310,10193,10116,11856,11891,255,255,255,0
86539,10303,13087,10313,10192,10113,11854,11890,255,255,255,0
87039,10301,13086,10311,10193,10117,11854,11890,255,255,255,0
87539,10305,13087,10311,10193,10114,11855,11888,255,255,255,0
88039,10303,13077,10313,10189,10117,11855,11886,255,255,255,0
88539,10298,13083,10312,10194,10115,11854,11887,255,255,255,0
89039,10302,13078,10311,10191,10113,11854,11887,255,255,255,0
89539,10305,13083,10314,10190,10112,11853,11887,255,255,255,0
90039,10302,13086,10312,10193,10115,11854,11887,255,255,255,0
90539,10300,13077,10311,10191,10116,11854,11886,255,255,255,0
91039,10300,13080,10312,10190,10115,11853,11887,255,255,255,0
91539,10304,13078,10312,10192,10114,11853,11886,255,255,255,0
92039,10304,13079,10311,10190,10113,11853,11885,255,255,255,0
92539,10301,13078,10312,10187,10116,11853,11886,255,255,255,0
93039,10304,13081,10311,10192,10117,11850,11885,255,255,255,0
93539,10304,13077,10312,10190,10114,11852,11885,255,255,255,0
94039,10300,13073,10310,10190,10115,11851,11884,255,255,255,0
94539,10301,13077,10312,10189,10113,11850,11883,255,255,255,0
95039,10303,13080,10313,10189,10113,11849,11884,255,255,255,0
95539,10299,13075,10312,10189,10117,11849,11884,255,255,255,0
96039,10301,13082,10313,10190,10114,11850,11883,255,255,255,0
96539,10301,13078,10310,10189,10115,11848,11884,255,255,255,0
97039,10301,13080,10310,10190,10118,11849,11884,255,255,255,0
97539,10297,13074,10309,10188,10116,11849,11882,255,255,255,0
98039,10301,13078,10312,10185,10113,11849,11881,255,255,255,0
98539,10303,13075,10309,10187,10115,11849,11882,255,255,255,0
99039,10301,13077,10310,10188,10115,11848,11880,255,255,255,0
99539,10299,13069,10309,10187,10115,11848,11881,255,255,255,0
100039,10300,13070,10309,10187,10117,11846,11880,255,255,255,0
100539,10300,13072,10310,10192,10114,11847,11880,255,255,255,0
101039,10301,13069,10311,10189,10113,11846,11880,255,255,255,0
101539,10301,13078,10309,10185,10113,11846,11880,255,255,255,0
102039,10299,13077,10307,10188,10113,11846,11880,255,255,255,0
102539,10299,13068,10309,10187,10112,11845,11879,255,255,255,0
103039,10298,13074,10308,10186,10114,11845,11880,255,255,255,0
103539,10298,13070,10309,10189,10114,11845,11877,255,255,255,0
104039,10303,13070,10309,10185,10112,11845,11879,255,255,255,0
104539,10301,13074,10309,10188,10111,11845,11879,255,255,255,0
105039,10298,13071,10308,10189,10115,11845,11877,255,255,255,0
105539,10300,13074,10309,10187,10112,11846,11878,255,255,255,0
106039,10299,13073,10306,10187,10112,11844,11877,255,255,255,0
106539,10298,13077,10308,10190,10109,11845,11878,255,255,255,0
107039,10298,13073,10309,10185,10112,11844,11876,255,255,255,0
107539,10298,13068,10307,10188,10115,11842,11877,255,255,255,0
108039,10301,13076,10307,10189,10111,11844,11875,255,255,255,0
108539,10298,13064,10307,10186,10112,11843,11876,255,255,255,0
109039,10299,13069,10309,10187,10111,11843,11875,255,255,255,0
109539,10297,13071,10308,10190,10110,11843,11875,255,255,255,0
110039,10300,13064,10308,10185,10114,11843,11877,255,255,255,0
110539,10297,13067,10305,10188,10111,11842,11877,255,255,255,0
111039,10295,13070,10305,10187,10108,11841,11875,255,255,255,0
111539,10299,13071,10308,10187,10110,11840,11875,255,255,255,0
112039,10298,13071,10309,10188,10109,11842,11875,255,255,255,0
112539,10297,13064,10306,10188,10112,11841,11873,255,255,255,0
113039,10295,13066,10308,10187,10108,11842,11875,255,255,255,0
113539,10296,13065,10304,10186,10112,11840,11874,255,255,255,0
114039,10297,13063,10305,10188,10109,11840,11874,255,255,255,0
114539,10294,13067,10309,10188,10109,11841,11872,255,255,255,0
115039,10296,13067,10305,10188,10112,11839,11872,255,255,255,0
115539,10298,13067,10305,10188,10110,11838,11873,255,255,255,0
116039,10296,13064,10306,10187,10110,11839,11872,255,255,255,0
116539,10296,13070,10305,10186,10108,11838,11873,255,255,255,0
117039,10298,13062,10305,10191,10110,11839,11871,255,255,255,0
117539,10298,13063,10306,10186,10111,11839,11871,255,255,255,0
118039,10297,13064,10307,10188,10113,11837,11872,255,255,255,0
118539,10298,13066,10305,10190,10110,11838,11872,255,255,255,0
119039,10295,13059,10306,10187,10109,11836,11871,255,255,255,0
119539,10297,13067,10305,10186,10110,11836,11871,255,255,255,0
120039,10294,13066,10304,10190,10110,11838,11870,255,255,255,0
120539,10298,13067,10305,10187,10110,11838,11871,255,255,255,0
121039,10296,13068,10305,10186,10107,11837,11872,255,255,255,0
121539,10295,13062,10306,10185,10111,11836,11871,255,255,255,0
122039,10295,13060,10304,10186,10110,11836,11870,255,255,255,0
122539,10297,13063,10306,10184,10108,11836,11870,255,255,255,0
123039,10298,13064,10306,10187,10109,11837,11870,255,255,255,0
123539,10295,13067,10306,10188,10108,11837,11870,255,255,255,0
124039,10299,13060,10307,10186,10107,11837,11868,255,255,255,0
124539,10295,13061,10306,10184,10112,11837,11868,255,255,255,0
125039,10295,13061,10306,10189,10109,11835,11870,255,255,255,0
125539,10296,13066,10305,10184,10110,11836,11867,255,255,255,0
126039,10298,13059,10304,10185,10109,11835,11869,255,255,255,0
126539,10296,13060,10303,10186,10107,11834,11868,255,255,255,0
127039,10296,13055,10304,10186,10108,11835,11866,255,255,255,0
127539,10297,13056,10306,10183,10111,11834,11869,255,255,255,0
128039,10296,13066,10306,10185,10108,11835,11866,255,255,255,0
128539,10296,13063,10304,10185,10108,11834,11868,255,255,255,0
129039,10294,13060,10304,10182,10109,11832,11868,255,255,255,0
129539,10296,13064,10304,10185,10110,11833,11867,255,255,255,0
130039,10297,13055,10304,10186,10109,11835,11867,255,255,255,0
130539,10294,13059,10306,10185,10108,11833,11865,255,255,255,0
131039,10293,13063,10304,10184,10112,11833,11867,255,255,255,0
467,10296,13063,10303,10186,10107,11832,11866,255,255,255,0
967,10294,13057,10305,10184,10108,11832,11866,255,255,255,0
1467,10294,13062,10304,10185,10112,11832,11866,255,255,255,0
1967,10298,13059,10302,10184,10109,11831,11867,255,255,255,0
2467,10295,13064,10306,10185,10109,11832,11865,255,255,255,0
2967,10293,13055,10303,10184,10109,11832,11867,255,255,255,0
3467,10296,13059,10303,10183,10109,11832,11865,255,255,255,0
3967,10293,13052,10304,10182,10107,11832,11865,255,255,255,0
4467,10293,13056,10304,10183,10108,11832,11865,255,255,255,0
4967,10293,13064,10305,10183,10107,11830,11864,255,255,255,0
5467,10293,13054,10303,10185,10107,11830,11865,255,255,255,0
5967,10295,13053,10304,10182,10110,11829,11864,255,255,255,0
6467,10296,13063,10304,10183,10107,11831,11863,255,255,255,0
6967,10294,13051,10304,10182,10109,11829,11864,255,255,255,0
7467,10298,13058,10306,10183,10106,11830,11864,255,255,255,0
7967,10296,13064,10303,10183,10110,11830,11863,255,255,255,0
8467,10295,13052,10301,10184,10109,11830,11862,255,255,255,0
8967,10295,13053,10305,10186,10107,11829,11862,255,255,255,0
9467,10296,13062,10303,10185,10109,11830,11863,255,255,255,0
9967,10295,13061,10302,10182,10108,11829,11863,255,255,255,0
10467,10294,13060,10305,10185,10107,11828,11862,255,255,255,0
10967,10299,13058,10303,10185,10109,11829,11862,255,255,255,0
11467,10293,13054,10303,10182,10108,11828,11862,255,255,255,0
11967,10293,13055,10304,10181,10104,11827,11864,255,255,255,0
12467,10291,13060,10301,10183,10107,11828,11862,255,255,255,0
12967,10295,13057,10302,10183,10107,11829,11862,255,255,255,0
13467,10295,13054,10301,10182,10106,11828,11863,255,255,255,0
13967,10291,13060,10304,10181,10107,11828,11860,255,255,255,0
14467,10296,13056,10300,10183,10108,11828,11861,255,255,255,0
14967,10293,13055,10302,10184,10108,11827,11860,255,255,255,0
15467,10291,13061,10305,10182,10105,11827,11859,255,255,255,0
15967,10292,13060,10302,10181,10107,11827,11860,255,255,255,0
16467,10295,13058,10303,10182,10109,11828,11860,255,255,255,0
16967,10296,13051,10302,10181,10106,11826,11860,255,255,255,0
17467,10295,13053,10299,10182,10109,11826,11861,255,255,255,0
17967,10293,13048,10304,10185,10110,11827,11860,255,255,255,0
18467,10292,13051,10302,10184,10108,11827,11858,255,255,255,0
18967,10295,13052,10302,10181,10107,11826,11859,255,255,255,0
19467,10290,13055,10302,10186,10107,11825,11860,255,255,255,0
19967,10295,13054,10303,10184,10108,11826,11857,255,255,255,0
20467,10294,13053,10302,10183,10111,11826,11858,255,255,255,0
20967,10292,13052,10304,10184,10109,11826,11859,255,255,255,0
21467,10292,13053,10302,10182,10109,11825,11859,255,255,255,0
21967,10295,13060,10303,10179,10109,11825,11859,255,255,255,0
22467,10295,13060,10303,10181,10106,11825,11859,255,255,255,0
22967,10294,13049,10301,10181,10106,11824,11859,255,255,255,0
23467,10293,13056,10302,10181,10108,11824,11859,255,255,255,0
23967,10293,13056,10304,10181,10110,11824,11859,255,255,255,0
24467,10293,13055,10301,10184,10105,11825,11860,255,255,255,0
24967,10296,13049,10302,10180,10107,11825,11857,255,255,255,0
25467,10293,13057,10303,10183,10110,11823,11859,255,255,255,0
25967,10292,13047,10301,10183,10107,11823,11858,255,255,255,0
26467,10294,13053,10302,10181,10105,11824,11858,255,255,255,0
26967,10293,13049,10302,10180,10108,11824,11856,255,255,255,0
27467,10291,13051,10300,10183,10105,11826,11857,255,255,255,0
27967,10292,13050,10300,10182,10106,11823,11857,255,255,255,0
28467,10295,13050,10302,10181,10110,11825,11858,255,255,255,0
28967,10294,13054,10302,10179,10106,11823,11856,255,255,255,0
29467,10292,13051,10300,10181,10108,11824,11858,255,255,255,0
29967,10291,13048,10302,10183,10105,11822,11857,255,255,255,0
30467,10291,13047,10303,10180,10108,11822,11856,255,255,255,0
30967,10295,13048,10302,10181,10106,11822,11856,255,255,255,0
31467,10291,13052,10302,10180,10109,11823,11857,255,255,255,0
31967,10300,13051,10301,10180,10105,11822,11856,255,255,255,0
32467,10294,13048,10299,10178,10105,11821,11856,255,255,255,0
32967,10292,13048,10303,10180,10106,11823,11855,255,255,255,0
33467,10292,13048,10303,10181,10103,11820,11854,255,255,255,0
33967,10293,13052,10301,10180,10106,11821,11855,255,255,255,0
34467,10293,13050,10302,10180,10106,11821,11856,255,255,255,0
34967,10292,13052,10301,10178,10106,11822,11854,255,255,255,0
