48992,10280,12978,10281,10170,10085,11773,11818,0,0,0,0
49492,10286,12976,10280,10175,10082,11768,11815,0,0,0,0
49992,10282,12977,10281,10173,10080,11767,11817,0,0,0,0
50492,10282,12980,10280,10172,10082,11771,11816,0,0,0,0
50992,10283,12981,10279,10173,10082,11776,11816,0,0,0,0
51492,10280,12979,10278,10175,10080,11774,11817,0,0,0,0
51992,10279,12978,10283,10173,10081,11767,11819,0,0,0,0
52492,10281,12979,10281,10174,10081,11765,11815,0,0,0,0
52992,10287,12982,10283,10175,10075,11769,11787,0,0,0,0
53492,10277,13003,10281,10175,10085,11776,11811,0,0,0,0
53992,10280,12984,10279,10173,10082,11773,11815,0,0,0,0
54492,10285,12989,10279,10177,10082,11767,11813,0,0,0,0
54992,10300,12981,10281,10172,10080,11765,11813,0,0,0,0
55492,10322,12970,10282,10168,10080,11769,11818,0,0,0,0
55992,10383,12978,10279,10178,10079,11774,11815,0,0,0,0
56492,10406,12974,10282,10176,10078,11772,11816,0,0,0,0
56992,10442,12987,10279,10171,10080,11767,11814,0,0,0,0
57492,10435,12973,10280,10173,10081,11768,11814,0,0,0,0
57992,10476,12964,10278,10173,10080,11769,11813,0,0,0,0
58492,10519,12968,10281,10171,10084,11773,11815,0,0,0,0
58992,10550,12959,10278,10170,10081,11772,11814,0,0,0,0
59492,10558,12978,10281,10172,10079,11767,11815,0,0,0,0
59992,10604,12972,10285,10174,10080,11768,11817,0,0,0,0
60492,10615,12981,10281,10173,10079,11768,11817,0,0,0,0
60992,10643,12975,10280,10170,10080,11774,11815,0,0,0,0
61492,10661,12982,10280,10174,10084,11771,11814,0,0,0,0
61992,10716,12983,10279,10174,10079,11770,11815,0,0,0,0
62492,10718,12967,10282,10172,10081,11766,11816,0,0,0,0
62992,10759,12988,10283,10173,10079,11770,11817,0,0,0,0
63492,10776,12989,10281,10171,10080,11772,11817,0,0,0,0
63992,10804,12982,10281,10174,10080,11769,11815,0,0,0,0
64492,10835,12976,10281,10170,10080,11768,11812,0,0,0,0
64992,10860,12980,10281,10169,10083,11768,11815,0,0,0,0
65492,10891,12974,10280,10172,10081,11769,11814,0,0,0,0
65992,10914,12981,10283,10171,10078,11771,11816,0,0,0,0
66492,10939,12983,10281,10174,10079,11768,11816,0,0,0,0
66992,10955,12981,10279,10178,10079,11768,11815,0,0,0,0
67492,10994,12983,10285,10176,10079,11770,11816,0,0,0,0
67992,11014,12984,10280,10174,10078,11772,11815,0,0,0,0
68492,11037,12984,10280,10172,10079,11770,11816,0,0,0,0
68992,11066,12986,10282,10172,10080,11769,11813,0,0,0,0
69492,11090,12991,10283,10172,10078,11766,11817,0,0,0,0
69992,11114,12980,10281,10174,10084,11769,11816,0,0,0,0
70492,11140,12983,10279,10174,10081,11770,11813,0,0,0,0
70992,11168,12993,10281,10176,10081,11770,11815,0,0,0,0
71492,11192,12989,10282,10171,10083,11770,11815,0,0,0,0
71992,11215,12985,10284,10173,10078,11768,11814,0,0,0,0
72492,11245,12973,10283,10173,10079,11770,11815,0,0,0,0
72992,11268,12986,10283,10174,10082,11772,11816,0,0,0,0
73492,11295,12996,10284,10173,10079,11772,11816,0,0,0,0
73992,11324,12997,10282,10170,10080,11767,11814,0,0,0,0
74492,11341,12984,10282,10175,10080,11770,11813,0,0,0,0
74992,11370,12987,10284,10175,10081,11769,11814,0,0,0,0
75492,11392,12994,10283,10175,10079,11771,11814,0,0,0,0
75992,11417,12986,10284,10172,10077,11771,11818,0,0,0,0
76492,11448,12997,10284,10171,10083,11769,11817,0,0,0,0
76992,11473,12985,10283,10174,10082,11768,11816,0,0,0,0
77492,11500,12993,10283,10171,10081,11769,11813,0,0,0,0
77992,11524,13001,10285,10171,10082,11769,11816,0,0,0,0
78492,11545,12993,10284,10170,10080,11771,11814,0,0,0,0
78992,11569,12995,10285,10172,10080,11769,11815,0,0,0,0
79492,11598,12998,10285,10171,10084,11767,11815,0,0,0,0
79992,11625,12999,10286,10173,10083,11771,11816,0,0,0,0
80492,11646,12986,10285,10172,10080,11768,11817,0,0,0,0
80992,11676,12983,10286,10172,10080,11770,11816,0,0,0,0
81492,11696,12988,10284,10176,10084,11768,11816,0,0,0,0
81992,11720,12990,10284,10177,10080,11770,11817,0,0,0,0
82492,11743,12997,10287,10173,10081,11770,11815,0,0,0,0
82992,11770,12994,10284,10175,10084,11773,11816,0,0,0,0
83492,11798,12990,10286,10175,10082,11767,11816,0,0,0,0
83992,11820,12991,10286,10172,10082,11768,11815,0,0,0,0
84492,11847,12995,10286,10169,10080,11768,11815,0,0,0,0
84992,11871,12998,10285,10172,10082,11769,11817,0,0,0,0
85492,11896,12987,10287,10171,10080,11771,11816,0,0,0,0
85992,11924,13009,10285,10171,10082,11770,11814,0,0,0,0
86492,11948,12999,10287,10173,10083,11769,11815,0,0,0,0
86992,11969,13002,10288,10171,10080,11770,11816,0,0,0,0
87492,11999,13005,10291,10175,10079,11771,11818,0,0,0,0
87992,12019,12999,10286,10173,10082,11769,11816,0,0,0,0
88492,12044,12997,10289,10176,10081,11771,11815,120,0,0,0
88992,12070,13001,10289,10171,10081,11769,11816,120,0,0,0
89492,12067,12986,10288,10175,10084,11770,11815,120,0,0,0
89992,12041,13008,10292,10173,10083,11769,11816,120,0,0,0
90492,11993,12904,10312,10171,10084,11771,11817,120,0,0,0
90992,11934,12862,10387,10170,10081,11770,11814,120,0,0,0
91492,11853,12832,10454,10169,10081,11770,11816,120,0,0,0
91992,11767,13083,10481,10171,10079,11769,11816,120,0,0,0
92492,11643,13292,10490,10177,10087,11768,11814,120,0,0,0
92992,11541,13442,10458,10172,10085,11768,11814,120,0,0,0
93492,11434,13496,10502,10171,10083,11770,11814,120,0,0,0
93992,11333,13505,10543,10174,10082,11770,11816,120,0,0,0
94492,11232,13688,10567,10173,10081,11767,11816,120,0,0,0
94992,11142,13814,10580,10174,10084,11769,11818,120,0,0,0
95492,11073,13904,10584,10172,10083,11767,11815,120,0,0,0
95992,10997,13959,10600,10174,10085,11770,11815,120,0,0,0
96492,10949,14037,10625,10174,10084,11770,11815,120,0,0,0
96992,10904,14111,10642,10176,10083,11771,11816,120,0,0,0
97492,10859,14215,10649,10177,10084,11770,11817,120,0,0,0
97992,10832,14238,10664,10177,10082,11770,11816,120,0,0,0
98492,10794,14255,10670,10177,10083,11769,11815,120,0,0,0
98992,10788,14317,10680,10177,10087,11770,11813,120,0,0,0
99492,10746,14345,10692,10175,10082,11768,11812,120,0,0,0
99992,10759,14343,10699,10178,10083,11769,11814,120,0,0,0
100492,10742,14379,10708,10181,10085,11772,11814,120,0,0,0
100992,10741,14421,10710,10176,10085,11769,11814,120,0,0,0
101492,10763,14418,10716,10180,10083,11770,11816,120,0,0,0
101992,10733,14435,10721,10176,10084,11771,11812,120,0,0,0
102492,10745,14469,10728,10176,10086,11770,11816,120,0,0,0
102992,10746,14482,10726,10178,10084,11771,11813,120,0,0,0
103492,10749,14482,10737,10179,10085,11771,11813,120,0,0,0
103992,10766,14506,10745,10179,10084,11769,11814,120,0,0,0
104492,10760,14514,10737,10177,10087,11768,11814,120,0,0,0
104992,10765,14534,10751,10183,10086,11771,11814,120,0,0,0
105492,10771,14542,10755,10177,10086,11769,11815,120,0,0,0
105992,10778,14568,10758,10182,10087,11770,11815,120,0,0,0
106492,10783,14602,10759,10187,10086,11771,11814,120,0,0,0
106992,10797,14614,10766,10183,10086,11770,11815,120,0,0,0
107492,10782,14624,10774,10182,10084,11772,11819,120,0,0,0
107992,10791,14640,10782,10182,10087,11769,11812,120,0,0,0
108492,10786,14642,10782,10180,10087,11768,11812,120,0,0,0
108992,10787,14664,10789,10180,10091,11769,11814,120,0,0,0
109492,10807,14684,10794,10183,10088,11771,11815,120,0,0,0
109992,10813,14701,10794,10181,10089,11771,11816,120,0,0,0
110492,10820,14703,10800,10183,10091,11768,11815,120,0,0,0
110992,10821,14718,10805,10184,10089,11766,11813,120,0,0,0
111492,10824,14732,10812,10185,10089,11768,11814,120,0,0,0
111992,10816,14750,10812,10178,10089,11770,11816,120,0,0,0
112492,10831,14773,10821,10183,10093,11772,11816,120,0,0,0
112992,10839,14784,10824,10185,10088,11767,11814,120,0,0,0
113492,10838,14806,10828,10185,10089,11766,11814,120,0,0,0
113992,10851,14827,10835,10183,10094,11769,11816,120,0,0,0
114492,10851,14848,10833,10184,10089,11772,11818,120,0,0,0
114992,10849,14835,10842,10185,10089,11771,11813,120,0,0,0
115492,10862,14857,10846,10184,10091,11768,11816,120,0,0,0
115992,10872,14893,10854,10186,10094,11766,11814,120,0,0,0
116492,10871,14897,10855,10184,10093,11769,11815,120,0,0,0
116992,10872,14910,10860,10183,10092,11771,11816,120,0,0,0
117492,10882,14924,10866,10191,10094,11770,11815,120,0,0,0
117992,10888,14940,10865,10183,10090,11767,11814,120,0,0,0
118492,10897,14949,10875,10186,10094,11765,11814,120,0,0,0
118992,10896,14967,10879,10186,10095,11771,11815,120,0,0,0
119492,10899,14991,10886,10186,10093,11773,11814,120,0,0,0
119992,10916,14987,10887,10183,10092,11771,11814,120,0,0,0
120492,10900,15020,10893,10185,10096,11769,11814,120,0,0,0
120992,10916,15025,10897,10190,10093,11766,11816,120,0,0,0
121492,10906,15041,10902,10187,10095,11768,11816,120,0,0,0
121992,10914,15046,10910,10186,10092,11772,11815,120,0,0,0
122492,10921,15073,10915,10191,10096,11771,11815,120,0,0,0
122992,10932,15084,10919,10189,10096,11769,11814,120,0,0,0
123492,10942,15107,10920,10190,10092,11770,11817,120,0,0,0
123992,10941,15105,10926,10191,10097,11770,11815,120,0,0,0
124492,10939,15140,10928,10188,10095,11772,11815,120,0,0,0
124992,10950,15169,10936,10189,10096,11772,11814,120,0,0,0
125492,10954,15162,10940,10194,10096,11768,11812,120,0,0,0
125992,10959,15173,10943,10190,10097,11768,11815,120,0,0,0
126492,10958,15206,10948,10189,10095,11769,11817,120,0,0,0
126992,10961,15219,10953,10192,10100,11772,11815,120,0,0,0
127492,10971,15226,10959,10189,10096,11770,11816,120,0,0,0
127992,10975,15237,10964,10189,10096,11768,11816,120,0,0,0
128492,10975,15262,10969,10194,10099,11769,11814,120,0,0,0
128992,10991,15277,10969,10193,10099,11768,11816,120,0,0,0
129492,10999,15288,10978,10188,10101,11772,11816,120,0,0,0
129992,10990,15316,10984,10195,10101,11770,11814,120,0,0,0
130492,10988,15319,10984,10194,10102,11772,11814,120,0,0,0
130992,10997,15330,10991,10192,10100,11770,11815,120,0,0,0
420,11003,15371,10995,10195,10100,11770,11816,120,0,0,0
920,11005,15374,10998,10194,10103,11770,11817,120,0,0,0
1420,11020,15377,11002,10193,10101,11770,11815,120,0,0,0
1920,11021,15385,11009,10197,10100,11770,11814,120,0,0,0
2420,11021,15405,11011,10193,10104,11769,11817,120,0,0,0
2920,11019,15434,11021,10195,10102,11771,11816,120,0,0,0
3420,11033,15438,11021,10195,10101,11772,11815,120,0,0,0
3920,11033,15442,11027,10191,10103,11770,11814,120,0,0,0
4420,11043,15500,11032,10194,10105,11769,11817,120,0,0,0
4920,11045,15483,11038,10194,10104,11770,11816,120,0,0,0
5420,11045,15500,11040,10196,10101,11771,11817,120,0,0,0
5920,11053,15527,11044,10198,10103,11770,11816,120,0,0,0
6420,11060,15536,11049,10194,10106,11771,11816,120,0,0,0
6920,11062,15561,11055,10200,10103,11770,11816,120,0,0,0
7420,11062,15555,11059,10194,10106,11768,11814,120,0,0,0
7920,11062,15587,11065,10199,10106,11771,11818,120,0,0,0
8420,11076,15596,11067,10200,10104,11770,11816,120,0,0,0
8920,11081,15607,11077,10197,10104,11772,11817,120,0,0,0
9420,11079,15632,11080,10200,10106,11771,11817,120,0,0,0
9920,11087,15648,11084,10201,10105,11771,11818,120,0,0,0
10420,11090,15678,11087,10203,10102,11772,11816,120,0,0,0
10920,11096,15664,11092,10201,10105,11771,11818,120,0,0,0
11420,11095,15675,11098,10199,10107,11770,11815,120,0,0,0
11920,11104,15698,11102,10202,10107,11770,11817,120,0,0,0
12420,11104,15730,11104,10201,10106,11768,11816,120,0,0,0
12920,11117,15755,11108,10201,10110,11772,11816,120,0,0,0
13420,11123,15748,11115,10200,10110,11771,11815,120,0,0,0
13920,11117,15763,11118,10202,10105,11771,11816,120,0,0,0
14420,11136,15798,11125,10200,10108,11770,11817,120,0,0,0
14920,11134,15805,11128,10201,10108,11770,11816,120,0,0,0
15420,11131,15830,11132,10200,10108,11772,11816,120,0,0,0
15920,11143,15834,11138,10199,10112,11771,11817,120,0,0,0
16420,11149,15843,11144,10201,10106,11771,11815,120,0,0,0
16920,11150,15873,11151,10203,10107,11771,11816,120,0,0,0
17420,11153,15890,11150,10200,10110,11770,11818,120,0,0,0
17920,11157,15877,11155,10205,10108,11770,11817,120,0,0,0
18420,11157,15906,11160,10205,10107,11773,11817,120,0,0,0
18920,11160,15937,11165,10207,10110,11771,11817,120,0,0,0
19420,11174,15933,11169,10203,10109,11770,11817,120,0,0,0
19920,11177,15940,11174,10205,10112,11771,11816,120,0,0,0
20420,11180,15960,11177,10205,10107,11773,11817,120,0,0,0
20920,11184,15969,11185,10204,10110,11771,11816,120,0,0,0
21420,11186,15993,11187,10206,10108,11770,11818,120,0,0,0
21920,11190,16008,11190,10204,10110,11770,11817,120,0,0,0
22420,11196,16038,11197,10205,10112,11770,11818,120,0,0,0
22920,11194,16017,11206,10206,10110,11771,11820,120,0,0,0
23420,11201,16064,11206,10205,10111,11772,11818,120,0,0,0
23920,11205,16075,11212,10208,10110,11771,11817,120,0,0,0
24420,11210,16086,11215,10206,10112,11770,11816,120,0,0,0
24920,11215,16091,11219,10209,10112,11772,11818,120,0,0,0
25420,11217,16107,11222,10206,10110,11771,11818,120,0,0,0
25920,11224,16140,11228,10210,10111,11771,11818,120,0,0,0
26420,11227,16138,11234,10207,10113,11771,11817,120,0,0,0
26920,11229,16147,11237,10209,10112,11770,11817,120,0,0,0
27420,11236,16147,11243,10209,10115,11772,11820,120,0,0,0
27920,11241,16190,11247,10207,10115,11772,11817,120,0,0,0
28420,11246,16212,11250,10206,10115,11771,11818,120,0,0,0
28920,11254,16236,11258,10209,10116,11770,11818,120,0,0,0
29420,11261,16238,11261,10208,10117,11771,11817,120,0,0,0
29920,11263,16256,11265,10208,10116,11771,11817,120,0,0,0
30420,11266,16265,11273,10208,10111,11772,11819,120,0,0,0
30920,11272,16281,11277,10209,10117,11772,11817,120,0,0,0
31420,11276,16301,11279,10211,10117,11772,11816,120,0,0,0
31920,11283,16306,11288,10209,10115,11771,11820,120,0,0,0
32420,11279,16352,11288,10212,10117,11771,11818,120,0,0,0
32920,11283,16327,11289,10211,10119,11773,11820,120,0,0,0
33420,11287,16368,11295,10212,10120,11771,11816,120,0,0,0
33920,11294,16389,11298,10213,10116,11773,11818,120,0,0,0
34420,11296,16395,11307,10212,10122,11772,11819,120,0,0,0
34920,11304,16401,11309,10214,10121,11772,11819,120,0,0,0
35420,11308,16418,11317,10215,10120,11772,11819,120,0,0,0
35920,11317,16442,11319,10213,10123,11772,11820,120,0,0,0
36420,11320,16410,11323,10214,10122,11771,11817,120,0,0,0
36920,11322,16471,11331,10213,10122,11772,11819,120,0,0,0
37420,11329,16497,11334,10215,10120,11773,11819,120,0,0,0
37920,11329,16490,11336,10213,10123,11771,11820,120,0,0,0
38420,11339,16506,11342,10214,10122,11771,11819,120,0,0,0
38920,11342,16545,11348,10215,10122,11773,11821,120,0,0,0
39420,11342,16553,11351,10214,10124,11770,11818,120,0,0,0
39920,11347,16573,11354,10215,10123,11773,11818,120,0,0,0
40420,11351,16558,11363,10214,10124,11775,11820,120,0,0,0
40920,11357,16584,11366,10218,10126,11774,11818,120,0,0,0
41420,11364,16616,11369,10217,10124,11772,11817,120,0,0,0
41920,11375,16631,11378,10218,10125,11772,11819,120,0,0,0
42420,11371,16606,11380,10218,10125,11775,11820,120,0,0,0
42920,11373,16659,11385,10221,10129,11773,11819,120,0,0,0
43420,11381,16649,11388,10218,10127,11772,11820,120,0,0,0
43920,11385,16676,11392,10220,10125,11772,11818,120,0,0,0
44420,11388,16687,11392,10219,10126,11773,11819,120,0,0,0
44920,11388,16692,11402,10218,10128,11775,11819,120,0,0,0
45420,11392,16717,11406,10223,10127,11772,11818,120,0,0,0
45920,11400,16740,11409,10221,10132,11774,11819,120,0,0,0
46420,11407,16742,11418,10222,10126,11773,11819,120,0,0,0
46920,11415,16789,11420,10222,10127,11772,11821,120,0,0,0
47420,11420,16784,11422,10223,10129,11773,11820,120,0,0,0
47920,11419,16787,11426,10224,10127,11775,11820,120,0,0,0
48420,11419,16820,11431,10225,10129,11775,11820,120,0,0,0
48920,11425,16803,11435,10226,10129,11773,11820,120,0,0,0
49420,11428,16839,11441,10227,10133,11773,11818,120,0,0,0
49920,11441,16849,11446,10226,10132,11773,11821,120,0,0,0
50420,11446,16875,11448,10224,10128,11773,11820,120,0,0,0
50920,11444,16900,11454,10225,10131,11773,11821,120,0,0,0
51420,11450,16887,11459,10226,10132,11773,11820,120,0,0,0
51920,11455,16884,11463,10224,10130,11774,11820,120,0,0,0
52420,11457,16937,11468,10227,10134,11774,11819,120,0,0,0
52920,11462,16936,11472,10227,10130,11773,11819,120,0,0,0
53420,11468,16964,11473,10225,10131,11773,11820,120,0,0,0
53920,11468,16985,11482,10228,10132,11773,11820,120,0,0,0
54420,11473,16976,11485,10225,10134,11775,11819,120,0,0,0
54920,11476,17002,11491,10231,10134,11776,11821,120,0,0,0
55420,11487,16993,11494,10231,10133,11774,11821,120,0,0,0
55920,11491,17012,11501,10226,10137,11775,11819,120,0,0,0
56420,11491,17051,11500,10231,10133,11773,11821,120,0,0,0
56920,11502,17061,11506,10228,10136,11773,11819,120,0,0,0
57420,11502,17075,11513,10232,10134,11774,11822,120,0,0,0
57920,11506,17084,11516,10230,10135,11774,11820,120,0,0,0
58420,11512,17092,11521,10229,10137,11774,11819,120,0,0,0
58920,11516,17129,11528,10231,10136,11774,11820,120,0,0,0
59420,11519,17099,11528,10231,10141,11773,11822,120,0,0,0
59920,11522,17154,11532,10233,10139,11775,11822,120,0,0,0
60420,11529,17167,11537,10234,10137,11773,11820,120,0,0,0
60920,11533,17198,11543,10234,10142,11774,11821,120,0,0,0
61420,11538,17209,11542,10232,10139,11773,11821,120,0,0,0
61920,11539,17192,11553,10234,10137,11774,11822,120,0,0,0
62420,11547,17198,11555,10232,10137,11776,11821,120,0,0,0
62920,11547,17246,11559,10233,10139,11775,11822,120,0,0,0
63420,11551,17243,11568,10231,10140,11775,11821,120,0,0,0
63920,11552,17259,11565,10238,10138,11774,11819,120,0,0,0
64420,11562,17291,11572,10234,10145,11775,11822,120,0,0,0
64920,11565,17280,11579,10235,10141,11775,11821,120,0,0,0
65420,11568,17297,11580,10234,10138,11775,11823,120,0,0,0
65920,11576,17299,11586,10236,10142,11776,11821,120,0,0,0
66420,11574,17338,11590,10234,10142,11774,11822,120,0,0,0
66920,11577,17322,11593,10239,10142,11774,11821,120,0,0,0
67420,11583,17380,11601,10237,10143,11775,11822,120,0,0,0
67920,11593,17364,11609,10237,10146,11776,11821,120,0,0,0
68420,11592,17383,11610,10240,10143,11775,11820,120,0,0,0
68920,11593,17429,11613,10240,10144,11774,11822,120,0,0,0
69420,11598,17420,11616,10236,10143,11775,11822,120,0,0,0
69920,11606,17443,11621,10241,10146,11776,11823,120,0,0,0
70420,11609,17450,11626,10240,10144,11776,11821,120,0,0,0
70920,11612,17466,11628,10240,10146,11775,11820,120,0,0,0
71420,11617,17476,11633,10239,10144,11775,11822,120,0,0,0
71920,11621,17522,11636,10241,10145,11776,11821,120,0,0,0
72420,11620,17518,11644,10238,10148,11775,11823,120,0,0,0
72920,11626,17531,11646,10239,10147,11776,11822,120,0,0,0
73420,11631,17546,11655,10245,10147,11775,11824,120,0,0,0
73920,11631,17550,11659,10240,10145,11776,11823,120,0,0,0
74420,11636,17594,11662,10243,10145,11775,11824,120,0,0,0
74920,11643,17601,11667,10243,10148,11774,11823,120,0,0,0
75420,11642,17595,11670,10243,10150,11776,11823,120,0,0,0
75920,11651,17613,11675,10240,10151,11777,11823,120,0,0,0
76420,11657,17623,11679,10245,10148,11776,11824,120,0,0,0
76920,11659,17655,11685,10247,10150,11778,11824,120,0,0,0
77420,11665,17652,11691,10247,10152,11776,11823,120,0,0,0
77920,11673,17658,11693,10245,10152,11776,11824,120,0,0,0
78420,11675,17680,11697,10247,10152,11779,11823,120,0,0,0
78920,11677,17696,11702,10246,10153,11778,11824,120,0,0,0
79420,11684,17755,11707,10246,10152,11776,11822,120,0,0,0
79920,11689,17718,11711,10246,10155,11776,11822,120,0,0,0
80420,11692,17729,11718,10245,10154,11777,11824,120,0,0,0
80920,11696,17758,11721,10249,10152,11777,11825,120,0,0,0
81420,11698,17784,11723,10248,10157,11776,11824,120,0,0,0
81920,11705,17786,11728,10246,10153,11778,11826,120,0,0,0
82420,11711,17805,11733,10252,10157,11777,11825,120,0,0,0
82920,11711,17817,11737,10251,10155,11778,11824,120,0,0,0
83420,11723,17835,11741,10251,10156,11778,11824,120,0,0,0
83920,11720,17864,11748,10252,10156,11776,11824,120,0,0,0
84420,11722,17856,11752,10252,10156,11777,11824,120,0,0,0
84920,11728,17869,11753,10250,10158,11779,11826,120,0,0,0
85420,11729,17897,11759,10251,10157,11779,11825,120,0,0,0
85920,11737,17905,11762,10251,10156,11778,11823,120,0,0,0
86420,11737,17913,11768,10252,10158,11779,11824,120,0,0,0
86920,11751,17927,11773,10253,10160,11778,11827,120,0,0,0
87420,11751,17973,11775,10254,10160,11779,11826,120,0,0,0
87920,11751,17991,11781,10253,10160,11777,11826,120,0,0,0
88420,11757,17986,11786,10254,10162,11777,11825,120,0,0,0
88920,11767,18008,11789,10254,10160,11779,11824,120,0,0,0
89420,11765,17993,11793,10253,10159,11780,11825,120,0,0,0
89920,11772,18016,11799,10254,10161,11779,11827,120,0,0,0
90420,11777,18049,11804,10256,10164,11779,11826,120,0,0,0
90920,11775,18037,11805,10255,10160,11779,11825,120,0,0,0
91420,11782,18080,11815,10259,10162,11779,11825,120,0,0,0
91920,11789,18062,11815,10256,10165,11778,11825,120,0,0,0
92420,11791,18107,11820,10259,10161,11779,11827,120,0,0,0
92920,11796,18090,11822,10258,10159,11780,11827,120,0,0,0
93420,11797,18126,11826,10257,10164,11779,11825,120,0,0,0
93920,11801,18148,11835,10259,10164,11779,11829,120,0,0,0
94420,11810,18137,11836,10262,10161,11780,11827,120,0,0,0
94920,11812,18152,11842,10260,10166,11780,11826,120,0,0,0
95420,11816,18174,11845,10263,10164,11780,11828,120,0,0,0
95920,11823,18211,11854,10258,10163,11780,11827,120,0,0,0
96420,11827,18194,11855,10261,10164,11780,11826,120,0,0,0
96920,11829,18213,11857,10260,10163,11779,11827,120,0,0,0
97420,11830,18237,11865,10261,10166,11779,11826,120,0,0,0
97920,11841,18252,11868,10265,10168,11778,11826,120,0,0,0
98420,11837,18272,11874,10262,10169,11779,11830,120,0,0,0
98920,11845,18253,11877,10266,10167,11778,11828,120,0,0,0
99420,11849,18296,11879,10264,10166,11781,11827,120,0,0,0
99920,11856,18288,11885,10268,10168,11780,11827,120,0,0,0
100420,11856,18309,11887,10267,10168,11779,11828,120,0,0,0
100920,11863,18317,11893,10264,10168,11778,11827,120,0,0,0
101420,11867,18351,11897,10262,10169,11780,11829,120,0,0,0
101920,11870,18374,11898,10268,10172,11780,11826,120,0,0,0
102420,11874,18375,11905,10263,10170,11781,11828,120,0,0,0
102920,11877,18374,11910,10265,10169,11781,11827,120,0,0,0
103420,11880,18398,11913,10266,10172,11782,11828,120,0,0,0
103920,11885,18448,11921,10269,10170,11780,11825,120,0,0,0
104420,11893,18428,11922,10265,10169,11781,11827,120,0,0,0
104920,11893,18439,11927,10268,10173,11781,11827,120,0,0,0
105420,11896,18445,11935,10267,10174,11779,11829,120,0,0,0
105920,11902,18478,11936,10270,10173,11781,11828,120,0,0,0
106420,11900,18472,11941,10268,10175,11781,11828,120,0,0,0
106920,11911,18526,11947,10271,10175,11782,11828,120,0,0,0
107420,11911,18515,11951,10273,10176,11781,11826,120,0,0,0
107920,11921,18529,11951,10273,10173,11782,11827,120,0,0,0
108420,11924,18527,11955,10271,10176,11782,11829,120,0,0,0
108920,11926,18582,11961,10271,10175,11783,11828,120,0,0,0
109420,11930,18589,11967,10273,10175,11784,11830,120,0,0,0
109920,11938,18602,11969,10273,10177,11782,11828,120,0,0,0
110420,11938,18617,11973,10275,10175,11783,11829,120,0,0,0
110920,11945,18621,11979,10272,10176,11782,11829,120,0,0,0
111420,11946,18639,11983,10274,10177,11781,11830,120,0,0,0
111920,11951,18635,11990,10274,10175,11784,11830,120,0,0,0
112420,11957,18668,11992,10277,10177,11782,11829,120,0,0,0
112920,11958,18683,11994,10273,10179,11783,11828,120,0,0,0
113420,11963,18684,12003,10275,10180,11783,11830,120,0,0,0
113920,11971,18703,12007,10275,10177,11781,11829,120,0,0,0
114420,11973,18726,12007,10275,10182,11783,11830,120,0,0,0
114920,11975,18726,12015,10280,10178,11785,11829,120,0,0,0
115420,11979,18734,12019,10276,10177,11784,11831,120,0,0,0
115920,11983,18774,12022,10276,10183,11784,11832,120,0,0,0
116420,11988,18769,12025,10277,10181,11783,11832,120,0,0,0
116920,11995,18778,12033,10278,10179,11784,11829,120,0,0,0
117420,11995,18799,12033,10278,10183,11783,11828,120,0,0,0
117920,12004,18827,12040,10281,10183,11785,11829,120,0,0,0
118420,12006,18841,12047,10278,10181,11783,11832,120,0,0,0
118920,12011,18848,12046,10280,10182,11785,11831,120,0,0,0
119420,12014,18872,12052,10281,10183,11782,11828,120,0,0,0
119920,12013,18855,12054,10278,10183,11783,11830,120,120,0,0
120420,12025,18886,12060,10276,10185,11785,11830,120,120,0,0
120920,12018,18857,12051,10287,10184,11785,11832,120,120,0,0
121420,12025,18852,12052,10318,10206,11788,11831,120,120,0,0
121920,12020,18821,12031,10344,10249,11784,11830,120,120,0,0
122420,12022,18758,12027,10394,10271,11785,11830,120,120,0,0
122920,12011,18660,12011,10435,10320,11786,11830,120,120,0,0
123420,11999,18640,11986,10456,10369,11786,11830,120,120,0,0
123920,11992,18583,11964,10534,10410,11784,11834,120,120,0,0
124420,11974,18474,11935,10574,10473,11786,11833,120,120,0,0
124920,11953,18378,11918,10643,10519,11787,11833,120,120,0,0
125420,11935,18308,11894,10695,10575,11786,11832,120,120,0,0
125920,11922,18236,11869,10744,10627,11787,11834,120,120,0,0
126420,11902,18164,11848,10772,10671,11789,11832,120,120,0,0
126920,11884,18107,11827,10830,10717,11788,11835,120,120,0,0
127420,11860,18043,11809,10888,10761,11787,11835,120,120,0,0
127920,11842,17957,11795,10936,10811,11790,11835,120,120,0,0
128420,11824,17890,11772,10987,10847,11791,11836,120,120,0,0
128920,11802,17885,11759,11013,10888,11790,11835,120,120,0,0
129420,11786,17845,11742,11041,10928,11791,11837,120,120,0,0
129920,11772,17771,11728,11083,10967,11791,11837,120,120,0,0
130420,11751,17716,11713,11123,11000,11792,11839,120,120,0,0
130920,11737,17670,11701,11152,11037,11792,11837,120,120,0,0
348,11722,17651,11693,11177,11070,11795,11840,120,120,0,0
848,11708,17609,11682,11209,11096,11795,11839,120,120,0,0
1348,11692,17600,11670,11239,11123,11795,11841,120,120,0,0
1848,11688,17540,11662,11270,11154,11795,11842,120,120,0,0
2348,11674,17508,11652,11291,11180,11797,11841,120,120,0,0
2848,11660,17489,11649,11311,11200,11797,11842,120,120,0,0
3348,11651,17473,11642,11330,11225,11798,11843,120,120,0,0
3848,11648,17462,11635,11361,11240,11797,11843,120,120,0,0
4348,11638,17451,11632,11367,11261,11798,11843,120,120,0,0
4848,11631,17450,11629,11384,11281,11799,11844,120,120,0,0
5348,11626,17437,11623,11404,11294,11800,11844,120,120,0,0
5848,11622,17407,11623,11414,11305,11801,11844,120,120,0,0
6348,11620,17420,11621,11424,11319,11801,11845,120,120,0,0
6848,11618,17441,11618,11440,11331,11803,11846,120,120,0,0
7348,11615,17426,11617,11452,11336,11805,11846,120,120,0,0
7848,11611,17438,11620,11451,11348,11804,11848,120,120,0,0
8348,11611,17421,11620,11468,11352,11804,11847,120,120,0,0
8848,11607,17441,11621,11472,11359,11806,11850,120,120,0,0
9348,11611,17427,11623,11480,11365,11808,11850,120,120,0,0
9848,11611,17425,11627,11486,11367,11806,11851,120,120,0,0
10348,11612,17453,11628,11491,11370,11807,11851,120,120,0,0
10848,11618,17490,11632,11496,11377,11808,11851,120,120,0,0
11348,11621,17470,11634,11501,11380,11809,11851,120,120,0,0
11848,11618,17502,11634,11499,11383,11810,11852,120,120,0,0
12348,11623,17486,11638,11504,11383,11811,11853,120,120,0,0
12848,11625,17516,11646,11513,11387,11812,11853,120,120,0,0
13348,11631,17507,11646,11508,11394,11810,11855,120,120,0,0
13848,11629,17525,11648,11516,11395,11813,11856,120,120,0,0
14348,11636,17497,11651,11519,11398,11814,11855,120,120,0,0
14848,11636,17522,11653,11518,11399,11815,11855,120,120,0,0
15348,11638,17537,11657,11520,11404,11814,11857,120,120,0,0
15848,11639,17565,11659,11524,11407,11814,11857,120,120,0,0
16348,11647,17540,11662,11523,11409,11816,11856,120,120,0,0
16848,11649,17575,11664,11528,11412,11817,11859,120,120,0,0
17348,11648,17576,11669,11532,11418,11817,11860,120,120,0,0
17848,11657,17616,11672,11534,11413,11819,11861,120,120,0,0
18348,11652,17615,11672,11535,11419,11819,11861,120,120,0,0
18848,11660,17618,11680,11541,11424,11819,11861,120,120,0,0
19348,11660,17596,11677,11541,11427,11822,11864,120,120,0,0
19848,11660,17622,11681,11547,11425,11819,11864,120,120,0,0
20348,11663,17635,11685,11549,11429,11822,11864,120,120,0,0
20848,11667,17656,11690,11553,11439,11823,11864,120,120,0,0
21348,11668,17648,11690,11556,11439,11822,11864,120,120,0,0
21848,11674,17684,11693,11558,11438,11822,11863,120,120,0,0
22348,11676,17666,11696,11562,11440,11824,11864,120,120,0,0
22848,11682,17707,11698,11562,11446,11825,11867,120,120,0,0
23348,11680,17695,11705,11567,11444,11827,11868,120,120,0,0
23848,11683,17715,11706,11571,11453,11827,11867,120,120,0,0
24348,11687,17713,11708,11572,11452,11827,11867,120,120,0,0
24848,11687,17725,11709,11574,11455,11827,11869,120,120,0,0
25348,11692,17751,11714,11574,11462,11829,11869,120,120,0,0
25848,11699,17733,11714,11577,11463,11830,11869,120,120,0,0
26348,11700,17750,11718,11582,11462,11831,11871,120,120,0,0
26848,11699,17765,11723,11585,11467,11830,11870,120,120,0,0
27348,11701,17780,11723,11589,11468,11830,11873,120,120,0,0
27848,11709,17787,11728,11588,11472,11832,11871,120,120,0,0
28348,11709,17823,11732,11592,11474,11832,11873,120,120,0,0
28848,11709,17799,11734,11594,11477,11835,11872,120,120,0,0
29348,11715,17838,11735,11599,11479,11833,11875,120,120,0,0
29848,11716,17803,11740,11601,11481,11834,11875,120,120,0,0
30348,11719,17844,11742,11603,11486,11835,11873,120,120,0,0
30848,11725,17853,11746,11609,11489,11835,11877,120,120,0,0
31348,11733,17859,11750,11610,11490,11837,11875,120,120,0,0
31848,11730,17870,11752,11614,11500,11838,11876,120,120,0,0
32348,11734,17875,11754,11617,11495,11839,11878,120,120,0,0
32848,11734,17887,11756,11615,11500,11839,11878,120,120,0,0
33348,11738,17876,11758,11620,11505,11839,11880,120,120,0,0
33848,11737,17891,11763,11625,11508,11839,11879,120,120,0,0
34348,11743,17914,11770,11628,11508,11841,11879,120,120,0,0
34848,11749,17932,11768,11629,11514,11842,11882,120,120,0,0
35348,11749,17935,11771,11634,11514,11842,11881,120,120,0,0
35848,11751,17963,11777,11638,11517,11843,11883,120,120,0,0
36348,11758,17922,11779,11641,11519,11843,11881,120,120,0,0
36848,11759,17943,11780,11643,11525,11843,11882,120,120,0,0
37348,11766,17962,11785,11647,11526,11845,11884,120,120,0,0
37848,11766,17978,11787,11652,11526,11846,11885,120,120,0,0
38348,11770,17972,11792,11652,11532,11847,11886,120,120,0,0
38848,11766,17972,11789,11652,11532,11847,11889,120,120,0,0
39348,11767,18001,11797,11654,11537,11848,11887,120,120,0,0
39848,11769,18001,11799,11658,11541,11846,11886,120,120,0,0
40348,11778,18044,11803,11662,11542,11849,11890,120,120,0,0
40848,11776,18014,11804,11664,11544,11851,11890,120,120,0,0
41348,11782,18051,11806,11665,11553,11851,11890,120,120,0,0
41848,11785,18062,11810,11666,11551,11853,11890,120,120,0,0
42348,11788,18062,11811,11673,11552,11850,11891,120,120,0,0
42848,11792,18096,11813,11676,11557,11852,11893,120,120,0,0
43348,11794,18062,11817,11677,11560,11854,11893,120,120,0,0
43848,11794,18088,11820,11684,11561,11855,11892,120,120,0,0
44348,11796,18118,11821,11682,11567,11855,11892,120,120,0,0
44848,11798,18129,11824,11687,11564,11856,11894,120,120,0,0
45348,11802,18128,11829,11694,11568,11858,11895,120,120,0,0
45848,11808,18148,11833,11696,11575,11856,11896,120,120,0,0
46348,11808,18114,11836,11695,11577,11857,11898,120,120,0,0
46848,11809,18161,11838,11701,11578,11858,11898,120,120,0,0
47348,11815,18181,11839,11699,11585,11860,11897,120,120,0,0
47848,11816,18160,11842,11704,11584,11861,11899,120,120,0,0
48348,11818,18191,11848,11706,11583,11861,11900,120,120,0,0
48848,11824,18190,11847,11709,11591,11862,11901,120,120,0,0
49348,11828,18193,11852,11710,11592,11862,11902,120,120,0,0
49848,11830,18215,11856,11715,11594,11862,11902,120,120,0,0
50348,11830,18228,11858,11717,11599,11863,11901,120,120,0,0
50848,11830,18236,11858,11721,11601,11865,11903,120,120,0,0
51348,11833,18240,11865,11722,11604,11865,11903,120,120,0,0
51848,11840,18258,11864,11729,11608,11864,11905,120,120,0,0
52348,11843,18249,11868,11726,11612,11866,11905,120,120,0,0
52848,11846,18275,11873,11733,11609,11867,11906,120,120,0,0
53348,11847,18257,11874,11738,11615,11866,11907,120,120,0,0
53848,11849,18287,11876,11735,11618,11868,11907,120,120,0,0
54348,11850,18317,11881,11743,11619,11869,11908,120,120,0,0
54848,11860,18278,11883,11740,11620,11869,11907,120,120,0,0
55348,11858,18310,11886,11748,11622,11868,11909,120,120,0,0
55848,11865,18299,11888,11749,11627,11871,11907,120,120,0,0
56348,11864,18335,11891,11751,11629,11872,11910,120,120,0,0
56848,11868,18366,11894,11756,11635,11872,11909,120,120,0,0
57348,11867,18336,11897,11757,11631,11874,11912,120,120,0,0
57848,11871,18355,11902,11763,11640,11873,11912,120,120,0,0
58348,11876,18366,11904,11761,11641,11875,11915,120,120,0,0
58848,11874,18374,11906,11765,11646,11875,11915,120,120,0,0
59348,11876,18371,11909,11770,11649,11875,11916,120,120,0,0
59848,11885,18404,11913,11769,11651,11875,11915,120,120,0,0
60348,11886,18413,11913,11775,11654,11879,11917,120,120,0,0
60848,11882,18400,11916,11776,11654,11877,11915,120,120,0,0
61348,11886,18435,11919,11781,11659,11878,11916,120,120,0,0
61848,11891,18434,11921,11781,11664,11880,11921,120,120,0,0
62348,11892,18442,11925,11786,11663,11880,11919,120,120,0,0
62848,11900,18462,11928,11787,11664,11882,11919,120,120,0,0
63348,11897,18484,11929,11791,11671,11882,11921,120,120,0,0
63848,11903,18466,11931,11795,11672,11884,11923,120,120,0,0
64348,11905,18492,11938,11794,11674,11883,11923,120,120,0,0
64848,11910,18489,11939,11801,11677,11885,11924,120,120,0,0
65348,11915,18469,11939,11803,11680,11886,11925,120,120,0,0
65848,11914,18496,11947,11802,11681,11887,11926,120,120,0,0
66348,11913,18522,11949,11805,11688,11886,11923,120,120,0,0
66848,11915,18542,11951,11812,11688,11887,11926,120,120,0,0
67348,11916,18544,11954,11813,11690,11888,11926,120,120,0,0
67848,11923,18535,11959,11811,11694,11889,11928,120,120,0,0
68348,11926,18562,11959,11818,11700,11890,11928,120,120,0,0
68848,11926,18565,11965,11820,11698,11890,11929,120,120,0,0
69348,11928,18586,11965,11825,11702,11891,11932,120,120,0,0
69848,11929,18578,11967,11828,11707,11892,11931,120,120,0,0
70348,11940,18601,11972,11830,11707,11894,11933,120,120,0,0
70848,11941,18626,11973,11831,11708,11892,11934,120,120,0,0
71348,11942,18606,11975,11835,11714,11897,11934,120,120,0,0
71848,11949,18612,11978,11834,11716,11896,11934,120,120,0,0
72348,11950,18642,11984,11844,11717,11896,11936,120,120,0,0
72848,11950,18643,11983,11843,11723,11896,11937,120,120,0,0
73348,11956,18619,11988,11846,11726,11897,11938,120,120,0,0
73848,11955,18655,11994,11853,11725,11899,11937,120,120,0,0
74348,11957,18664,11994,11850,11732,11897,11937,120,120,0,0
74848,11958,18642,11995,11851,11731,11902,11939,120,120,0,0
75348,11960,18689,11997,11856,11734,11901,11942,120,120,0,0
75848,11965,18718,12003,11856,11739,11901,11941,120,120,0,0
76348,11969,18741,12003,11862,11740,11899,11940,120,120,0,0
76848,11973,18682,12006,11866,11740,11903,11944,120,120,0,0
77348,11975,18713,12010,11864,11750,11904,11943,120,120,0,0
77848,11978,18714,12016,11870,11749,11904,11946,120,120,0,255
78348,11982,18726,12014,11876,11749,11906,11944,120,120,0,255
78848,11985,18758,12019,11875,11757,11907,11947,120,120,0,255
79348,11981,18747,12021,11878,11757,11906,11946,120,120,0,255
79848,11985,18779,12023,11883,11759,11907,11947,120,120,0,255
80348,11994,18748,12029,11881,11764,11908,11951,120,120,0,255
80848,11994,18806,12028,11887,11763,11912,11947,120,120,0,255
81348,11994,18800,12032,11890,11768,11909,11949,120,120,0,255
81848,11991,18811,12034,11891,11775,11911,11951,120,120,0,255
82348,12001,18796,12035,11894,11773,11913,11953,120,120,0,255
82848,11998,18826,12039,11898,11776,11915,11954,120,120,0,255
83348,12010,18841,12042,11899,11781,11913,11951,120,120,0,255
83848,12007,18845,12045,11904,11779,11914,11953,120,120,0,255
84348,12015,18850,12050,11906,11781,11914,11954,120,120,0,255
84848,12020,18881,12053,11911,11786,11916,11951,120,120,0,255
85348,12018,18875,12054,11912,11788,11915,11957,120,120,0,255
85848,12018,18880,12058,11917,11791,11916,11958,120,120,0,255
86348,12025,18898,12059,11919,11792,11918,11958,120,120,0,255
86848,12027,18935,12063,11919,11799,11920,11959,120,120,0,255
87348,12028,18939,12067,11925,11802,11918,11959,120,120,0,255
87848,12030,18908,12070,11924,11802,11920,11960,120,120,0,255
88348,12032,18914,12076,11929,11804,11921,11960,120,120,0,255
88848,12036,18935,12078,11930,11809,11922,11961,120,120,0,255
89348,12037,18931,12082,11934,11809,11924,11964,120,120,0,255
89848,12042,18950,12081,11936,11812,11923,11962,120,120,0,255
90348,12046,18957,12085,11942,11815,11924,11961,120,120,0,255
90848,12048,18980,12083,11943,11819,11925,11965,120,120,0,255
91348,12050,18975,12088,11946,11821,11926,11967,120,120,0,255
91848,12053,18990,12091,11949,11824,11926,11967,120,120,0,255
92348,12051,19001,12091,11950,11826,11929,11967,120,120,0,255
92848,12054,19039,12100,11955,11828,11929,11968,120,120,0,255
93348,12062,19036,12102,11958,11837,11930,11968,120,120,0,255
93848,12058,19023,12104,11959,11837,11928,11967,120,120,0,255
94348,12062,19051,12104,11964,11838,11930,11970,120,120,0,255
94848,12066,19039,12110,11968,11842,11931,11970,120,120,0,255
95348,12075,19060,12113,11966,11846,11934,11973,120,120,0,255
95848,12072,19080,12116,11970,11849,11934,11973,120,120,0,255
96348,12076,19068,12118,11975,11850,11934,11974,120,120,0,255
96848,12078,19117,12120,11974,11853,11935,11974,120,120,0,255
97348,12077,19111,12121,11976,11854,11935,11975,120,120,0,255
97848,12085,19105,12125,11983,11859,11936,11976,120,120,0,255
98348,12082,19109,12124,11985,11861,11936,11978,120,120,0,255
98848,12098,19120,12135,11988,11861,11938,11979,120,120,0,255
99348,12098,19148,12134,11987,11866,11940,11977,120,120,0,255
99848,12098,19145,12135,11992,11871,11940,11981,120,120,0,255
100348,12100,19140,12144,11996,11870,11940,11980,120,120,0,255
100848,12104,19196,12144,11998,11872,11940,11981,120,120,0,255
101348,12101,19179,12144,12003,11877,11943,11982,120,120,0,255
101848,12107,19177,12147,12004,11876,11943,11982,120,120,0,255
102348,12108,19169,12151,12005,11881,11944,11985,120,120,0,255
102848,12111,19234,12153,12014,11890,11945,11985,120,120,0,255
103348,12112,19207,12154,12010,11885,11946,11984,120,120,0,255
103848,12117,19217,12158,12013,11888,11946,11986,120,120,0,255
104348,12124,19222,12160,12018,11893,11946,11985,120,120,0,255
104848,12125,19218,12165,12018,11894,11949,11989,120,120,0,255
105348,12119,19223,12165,12024,11896,11949,11988,120,120,0,255
105848,12129,19228,12168,12028,11899,11948,11990,120,120,0,255
106348,12128,19270,12172,12027,11904,11951,11992,120,120,0,255
106848,12129,19276,12175,12031,11906,11952,11990,120,120,0,204
107348,12133,19266,12176,12035,11908,11952,11991,120,120,0,204
107848,12134,19310,12179,12035,11910,11953,11993,120,120,0,204
108348,12140,19294,12182,12038,11913,11953,11992,120,120,0,204
108848,12141,19297,12184,12044,11916,11953,11995,120,120,0,204
109348,12142,19304,12189,12044,11918,11957,11999,120,120,0,204
109848,12151,19334,12191,12049,11922,11958,11996,120,120,0,204
110348,12147,19350,12194,12053,11924,11956,11997,120,120,0,204
110848,12147,19298,12196,12049,11928,11957,11996,120,120,0,204
111348,12158,19347,12200,12053,11929,11959,11999,120,120,0,204
111848,12155,19372,12201,12055,11932,11959,12000,120,120,0,204
112348,12158,19402,12202,12062,11930,11960,12002,120,120,0,0
112848,12168,19425,12209,12060,11936,11962,12000,120,120,0,0
113348,12158,19407,12211,12068,11941,11963,12002,120,120,0,0
113848,12153,19430,12212,12068,11938,11963,12004,120,120,0,0
114348,12176,19422,12216,12065,11945,11963,12003,120,120,0,0
114848,12173,19441,12218,12077,11948,11966,12004,120,120,0,0
115348,12169,19448,12218,12081,11948,11966,12007,120,120,0,0
115848,12174,19454,12229,12080,11952,11966,12004,120,120,0,0
116348,12182,19459,12228,12079,11954,11966,12006,120,120,0,0
116848,12179,19469,12230,12083,11960,11969,12007,120,120,0,0
117348,12191,19493,12236,12089,11950,11970,12019,120,120,0,0
117848,12185,19456,12237,12084,11971,11964,11998,120,120,0,0
118348,12194,19501,12236,12096,11954,11966,12021,120,120,0,0
118848,12194,19505,12242,12089,11972,11971,12001,120,120,0,0
119348,12196,19526,12243,12097,11970,11970,12011,120,120,0,0
119848,12201,19530,12243,12096,11970,11976,12011,120,120,0,0
120348,12202,19548,12249,12102,11974,11979,12016,120,120,0,0
120848,12205,19535,12252,12101,11982,11978,12020,120,120,0,0
121348,12204,19552,12255,12104,11979,11977,12018,120,120,0,0
121848,12208,19581,12261,12113,11983,11974,12018,120,120,0,0
122348,12210,19563,12259,12112,11990,11975,12017,120,120,0,0
122848,12220,19579,12263,12116,11988,11979,12019,120,120,0,0
123348,12219,19598,12266,12117,11991,11984,12019,120,120,0,0
123848,12219,19598,12266,12121,11997,11989,12023,120,120,0,0
124348,12220,19599,12267,12123,11998,11988,12024,120,120,0,0
124848,12230,19597,12274,12127,11999,11986,12029,120,120,0,0
125348,12225,19613,12275,12129,12002,11982,12030,120,120,0,0
125848,12228,19635,12278,12130,12006,11981,12028,120,120,0,0
126348,12231,19665,12282,12133,12007,11983,12029,120,120,0,255
126848,12233,19650,12282,12137,12010,11986,12028,120,120,0,255
127348,12233,19667,12288,12141,12015,11991,12028,120,120,0,255
127848,12239,19685,12293,12141,12017,11997,12032,120,120,0,255
128348,12239,19689,12290,12151,12010,11996,12033,120,120,0,255
128848,12238,19711,12290,12142,12022,11996,12035,120,120,0,255
129348,12247,19703,12297,12149,12023,11992,12044,120,120,0,255
129848,12243,19716,12297,12150,12030,11989,12035,120,120,0,255
130348,12251,19721,12306,12156,12023,11989,12032,120,120,0,255
130848,12258,19728,12309,12162,12027,11993,12040,120,120,0,255
276,12255,19775,12311,12159,12033,12003,12040,120,120,0,255
776,12267,19717,12311,12164,12032,12006,12040,120,120,0,255
1276,12265,19749,12316,12166,12040,12005,12043,120,120,0,255
1776,12269,19745,12312,12169,12039,12003,12040,120,120,0,255
2276,12266,19774,12322,12174,12042,11999,12043,120,120,0,255
2776,12267,19807,12315,12174,12045,11997,12045,120,120,0,255
3276,12271,19792,12320,12179,12049,12002,12045,120,120,0,255
3776,12274,19808,12325,12178,12047,12006,12049,120,120,0,255
4276,12279,19800,12329,12180,12052,12010,12050,120,120,0,255
4776,12280,19801,12331,12184,12055,12015,12054,120,120,0,255
5276,12281,19838,12331,12185,12058,12011,12052,120,120,0,255
5776,12287,19794,12339,12188,12058,12012,12052,120,120,0,255
6276,12291,19843,12339,12190,12067,12008,12055,120,120,0,255
6776,12291,19876,12343,12196,12067,12007,12052,120,120,0,255
7276,12295,19840,12347,12194,12065,12012,12055,120,120,0,255
7776,12293,19837,12345,12198,12071,12018,12057,120,120,0,255
8276,12298,19866,12350,12203,12073,12021,12056,120,120,0,255
8776,12300,19870,12355,12205,12075,12023,12058,120,120,0,255
9276,12307,19891,12354,12210,12076,12023,12059,120,120,0,255
9776,12306,19905,12356,12211,12082,12018,12061,120,120,0,255
10276,12312,19916,12361,12213,12082,12016,12061,120,120,0,255
10776,12312,19950,12361,12218,12085,12017,12063,120,120,0,255
11276,12312,19916,12367,12217,12092,12021,12063,120,120,0,255
11776,12316,19932,12369,12220,12090,12023,12066,120,120,130,255
12276,12320,19950,12373,12223,12094,12027,12066,120,120,130,255
12776,12321,19936,12372,12224,12089,12032,12068,120,120,130,255
13276,12327,19961,12374,12222,12088,12042,12067,120,120,130,255
13776,12326,19964,12378,12201,12070,11954,12066,120,120,130,255
14276,12331,19970,12373,12179,12054,11928,12118,120,120,130,255
14776,12324,19960,12370,12159,12026,11809,12443,120,120,130,255
15276,12331,19960,12369,12127,12018,11684,12604,120,120,130,255
15776,12326,19920,12364,12101,11971,11611,12745,120,120,130,255
16276,12320,19884,12354,12051,11920,11815,12786,120,120,130,255
16776,12320,19873,12350,12011,11883,11869,12678,120,120,130,255
17276,12310,19838,12336,11975,11849,12086,12756,120,120,130,255
17776,12307,19822,12332,11943,11813,12298,12919,120,120,130,255
18276,12297,19752,12322,11902,11779,12384,13029,120,120,130,255
18776,12292,19751,12314,11876,11749,12551,13144,120,120,130,255
19276,12286,19726,12298,11841,11720,12585,13233,120,120,130,255
19776,12275,19639,12289,11819,11687,12896,13270,120,120,130,255
20276,12265,19621,12279,11791,11668,12972,13315,120,120,130,255
20776,12249,19625,12266,11766,11648,13022,13454,120,120,130,255
21276,12246,19531,12255,11744,11626,13112,13583,120,120,130,255
21776,12235,19527,12242,11726,11594,13210,13633,120,120,130,255
22276,12227,19461,12230,11704,11585,13367,13645,120,120,130,255
22776,12220,19423,12220,11684,11563,13425,13726,120,120,130,255
23276,12202,19372,12207,11676,11545,13532,13838,120,120,130,255
23776,12188,19374,12194,11649,11530,13706,13909,120,120,130,255
24276,12180,19316,12182,11639,11523,13750,13972,120,120,130,255
24776,12168,19283,12167,11625,11512,13833,14032,120,120,130,255
25276,12158,19178,12156,11613,11499,13924,14130,120,120,130,255
25776,12151,19183,12143,11598,11481,14011,14181,120,120,130,255
26276,12130,19169,12131,11588,11476,14100,14243,120,120,130,255
26776,12123,19086,12119,11582,11469,14143,14307,120,120,130,255
27276,12113,19042,12109,11572,11460,14213,14392,120,120,130,255
27776,12100,18963,12097,11559,11450,14323,14448,120,120,130,255
28276,12086,18987,12079,11557,11436,14383,14514,120,120,130,255
28776,12075,18923,12077,11550,11441,14431,14574,120,120,130,255
29276,12062,18905,12058,11547,11428,14497,14633,120,120,130,255
29776,12051,18863,12047,11541,11424,14561,14690,120,120,130,255
30276,12045,18808,12036,11533,11421,14619,14761,120,120,130,255
30776,12029,18778,12027,11530,11414,14703,14808,120,120,130,255
31276,12019,18712,12009,11525,11412,14762,14859,120,120,130,255
31776,12010,18666,12002,11520,11406,14820,14907,120,120,130,255
32276,11994,18632,11995,11519,11411,14884,14975,120,120,130,255
32776,11980,18661,11981,11522,11399,14943,15017,120,120,130,255
33276,11977,18568,11969,11515,11411,15002,15067,120,120,130,255
33776,11964,18549,11959,11511,11399,15026,15123,120,120,130,255
34276,11956,18525,11951,11506,11394,15106,15173,120,120,130,255
34776,11940,18477,11942,11508,11395,15134,15208,120,120,130,255
35276,11933,18422,11930,11505,11395,15171,15264,120,120,130,255
35776,11925,18407,11920,11507,11395,15223,15312,120,120,130,255
36276,11918,18388,11911,11510,11394,15273,15349,120,120,130,255
36776,11912,18345,11905,11506,11396,15317,15391,120,120,130,255
37276,11899,18298,11893,11505,11394,15354,15439,120,120,130,255
37776,11902,18293,11886,11498,11396,15405,15478,120,120,130,255
38276,11883,18265,11878,11504,11394,15447,15516,120,120,130,255
38776,11869,18258,11867,11504,11398,15483,15559,120,120,130,255
39276,11859,18230,11862,11507,11395,15519,15596,120,120,130,255
39776,11853,18195,11851,11506,11399,15571,15630,120,120,130,255
40276,11847,18174,11849,11505,11400,15604,15670,120,120,130,255
40776,11842,18147,11840,11510,11398,15638,15708,120,120,130,255
41276,11837,18119,11831,11512,11400,15676,15738,120,120,130,255
41776,11824,18116,11828,11520,11402,15707,15772,120,120,130,255
42276,11819,18061,11818,11511,11404,15737,15809,120,120,130,255
42776,11815,18070,11811,11517,11403,15783,15832,120,120,130,255
43276,11808,18046,11808,11516,11405,15815,15866,120,120,130,255
43776,11799,18024,11802,11520,11403,15840,15901,120,120,130,255
44276,11792,17983,11795,11520,11408,15871,15926,120,120,130,255
44776,11786,17997,11792,11525,11412,15900,15953,120,120,130,255
45276,11782,17964,11790,11526,11410,15925,15987,120,120,130,255
45776,11779,17952,11781,11524,11413,15956,16009,120,120,130,255
46276,11769,17947,11777,11530,11413,15986,16032,120,120,130,255
46776,11769,17927,11771,11531,11415,16006,16063,120,120,130,255
47276,11766,17932,11767,11533,11415,16034,16091,120,120,130,255
47776,11756,17890,11765,11529,11426,16059,16087,120,120,130,255
48276,11755,17875,11759,11539,11420,16076,16143,120,120,130,255
48776,11753,17866,11757,11542,11415,16105,16183,120,120,130,255
49276,11742,17855,11755,11530,11429,16128,16162,120,120,130,255
49776,11739,17864,11754,11538,11423,16149,16196,120,120,130,255
50276,11735,17876,11751,11540,11425,16168,16213,120,120,130,255
50776,11728,17836,11749,11540,11432,16193,16231,120,120,130,255
51276,11731,17834,11745,11547,11430,16207,16256,120,120,130,255
51776,11733,17838,11744,11544,11431,16226,16271,120,120,130,255
52276,11731,17837,11741,11548,11435,16246,16287,120,120,130,255
52776,11727,17823,11743,11548,11438,16261,16307,120,120,130,255
53276,11721,17785,11740,11550,11438,16274,16326,120,120,130,255
53776,11723,17805,11736,11548,11441,16293,16321,120,120,130,255
54276,11720,17816,11737,11553,11440,16310,16361,120,120,130,255
54776,11721,17802,11733,11556,11443,16323,16386,120,120,130,255
55276,11721,17805,11733,11558,11441,16339,16383,120,120,130,255
55776,11722,17797,11733,11562,11447,16350,16395,120,120,130,255
56276,11718,17805,11730,11561,11448,16364,16406,120,120,130,255
56776,11718,17803,11732,11564,11445,16376,16422,120,120,130,255
57276,11718,17812,11734,11567,11454,16391,16428,120,120,130,255
57776,11714,17804,11730,11566,11452,16399,16442,120,120,130,255
58276,11714,17796,11730,11568,11454,16411,16455,120,120,130,255
58776,11713,17779,11732,11569,11461,16423,16466,120,120,130,255
59276,11717,17823,11730,11576,11456,16432,16503,120,120,130,255
59776,11713,17797,11732,11575,11460,16443,16478,120,120,130,255
60276,11714,17814,11734,11581,11463,16449,16492,120,120,130,255
60776,11717,17804,11735,11578,11466,16463,16495,120,120,130,255
61276,11720,17785,11736,11584,11463,16472,16511,120,120,130,255
61776,11719,17816,11738,11585,11466,16478,16522,120,120,130,255
62276,11716,17818,11734,11585,11468,16490,16526,120,120,130,255
62776,11719,17798,11736,11587,11467,16495,16536,120,120,130,255
63276,11719,17827,11741,11586,11470,16504,16542,120,120,130,255
63776,11718,17818,11738,11591,11473,16513,16548,120,120,130,255
64276,11723,17830,11741,11594,11474,16522,16559,120,120,130,255
64776,11723,17832,11741,11594,11478,16527,16567,120,120,130,255
65276,11724,17825,11743,11596,11481,16534,16574,120,120,130,255
65776,11725,17836,11744,11596,11480,16541,16576,120,120,130,255
66276,11723,17834,11746,11599,11481,16546,16587,120,120,130,255
66776,11730,17824,11747,11602,11484,16554,16591,120,120,130,255
67276,11728,17847,11749,11603,11489,16561,16600,120,120,130,255
67776,11731,17855,11752,11604,11486,16566,16605,120,120,130,255
68276,11730,17867,11752,11605,11489,16574,16611,120,120,130,255
68776,11735,17868,11753,11608,11492,16580,16620,120,120,130,255
69276,11732,17883,11755,11606,11491,16586,16626,120,120,130,255
69776,11731,17866,11755,11613,11491,16593,16630,120,120,130,255
70276,11737,17872,11758,11615,11496,16599,16635,120,120,130,255
70776,11733,17883,11759,11614,11495,16602,16642,120,120,130,255
71276,11739,17884,11758,11620,11498,16612,16650,120,120,130,255
71776,11737,17893,11765,11620,11501,16615,16653,120,120,130,255
72276,11742,17907,11768,11619,11501,16622,16662,120,120,130,255
72776,11742,17898,11765,11624,11500,16627,16666,120,120,130,255
73276,11747,17915,11766,11623,11504,16634,16673,120,120,130,255
73776,11745,17922,11771,11621,11508,16639,16676,120,120,130,255
74276,11746,17944,11772,11626,11506,16645,16682,120,120,130,255
74776,11750,17946,11772,11629,11511,16652,16688,120,120,130,255
75276,11751,17943,11773,11631,11513,16656,16699,120,120,130,255
75776,11754,17944,11777,11635,11512,16660,16700,120,120,130,255
76276,11751,17932,11779,11634,11514,16667,16709,120,120,130,255
76776,11765,17945,11782,11632,11517,16673,16714,120,120,130,255
77276,11757,17945,11781,11637,11515,16677,16720,120,120,130,255
77776,11759,17970,11786,11638,11518,16687,16723,120,120,130,255
78276,11760,17959,11786,11637,11526,16690,16730,120,120,130,255
78776,11763,17986,11786,11644,11522,16695,16734,120,120,130,255
79276,11767,17998,11789,11641,11523,16704,16741,120,120,130,255
79776,11763,17991,11789,11646,11529,16707,16747,120,120,130,255
80276,11770,17990,11790,11646,11529,16715,16752,120,120,130,255
80776,11766,18022,11792,11646,11530,16719,16755,120,120,130,255
81276,11764,18011,11797,11651,11533,16725,16763,120,120,130,255
81776,11770,18006,11795,11652,11532,16731,16771,120,120,130,255
82276,11769,18008,11796,11652,11532,16737,16774,120,120,130,255
82776,11772,18014,11799,11654,11536,16739,16778,120,120,130,255
83276,11774,18019,11803,11659,11537,16749,16786,120,120,130,255
83776,11780,18035,11801,11655,11537,16755,16790,120,120,130,255
84276,11779,18040,11806,11658,11541,16758,16794,120,120,130,255
84776,11778,18042,11807,11660,11544,16765,16801,120,120,130,255
85276,11782,18071,11809,11665,11544,16770,16804,120,120,130,255
85776,11784,18067,11810,11664,11544,16776,16812,120,120,130,255
86276,11789,18040,11813,11664,11546,16779,16818,120,120,130,255
86776,11790,18077,11819,11669,11547,16785,16821,120,120,130,255
87276,11790,18065,11813,11669,11550,16792,16833,120,120,130,255
87776,11792,18083,11815,11669,11552,16798,16836,120,120,130,255
88276,11794,18101,11817,11676,11549,16806,16840,120,120,130,255
88776,11792,18078,11822,11675,11559,16808,16847,120,120,130,255
89276,11803,18080,11819,11677,11556,16812,16852,120,120,130,255
89776,11799,18095,11822,11676,11557,16822,16856,120,120,130,255
90276,11798,18119,11827,11678,11557,16827,16863,120,120,130,255
90776,11801,18102,11826,11679,11560,16832,16870,120,120,130,255
91276,11807,18111,11825,11685,11564,16838,16874,120,120,130,255
91776,11805,18128,11829,11680,11562,16844,16880,120,120,130,255
92276,11805,18116,11831,11683,11567,16849,16887,120,120,130,255
92776,11807,18146,11830,11687,11566,16852,16895,120,120,130,255
93276,11807,18130,11835,11687,11567,16860,16899,120,120,130,255
93776,11803,18151,11835,11692,11572,16866,16903,120,120,130,255
94276,11809,18173,11839,11693,11574,16871,16907,120,120,130,255
94776,11812,18164,11840,11690,11574,16878,16915,120,120,130,255
95276,11816,18155,11840,11695,11575,16883,16919,120,120,130,255
95776,11812,18162,11840,11697,11576,16889,16926,120,120,130,255
96276,11814,18173,11843,11699,11576,16893,16933,120,120,130,255
96776,11814,18166,11845,11700,11581,16898,16938,120,120,130,255
97276,11820,18175,11845,11702,11580,16903,16941,120,120,130,255
97776,11821,18209,11854,11705,11584,16910,16948,120,120,130,255
98276,11825,18207,11849,11706,11586,16916,16952,120,120,130,255
98776,11831,18192,11852,11706,11587,16921,16959,120,120,130,255
99276,11831,18197,11858,11710,11590,16927,16964,120,120,130,255
