50518,10348,13122,10327,10203,10101,11811,11861,0,0,0,255
51018,10348,13127,10326,10201,10099,11809,11859,0,0,0,255
51518,10344,13126,10326,10203,10102,11808,11860,0,0,0,255
52018,10348,13121,10321,10203,10101,11814,11858,0,0,0,255
52518,10343,13126,10322,10202,10098,11815,11860,0,0,0,255
53018,10345,13127,10326,10203,10100,11811,11861,0,0,0,255
53518,10344,13129,10322,10203,10100,11810,11858,0,0,0,255
54018,10345,13125,10325,10203,10101,11809,11859,0,0,0,255
54518,10345,13122,10324,10201,10098,11811,11858,0,0,0,255
55018,10343,13123,10323,10201,10100,11813,11855,0,0,0,255
55518,10348,13123,10323,10202,10100,11813,11856,0,0,0,255
56018,10343,13128,10326,10203,10101,11810,11857,0,0,0,255
56518,10347,13130,10324,10196,10102,11805,11761,0,0,0,255
57018,10344,13118,10320,10202,10098,11810,11815,0,0,0,255
57518,10347,13117,10327,10201,10104,11815,11861,0,0,0,255
58018,10348,13121,10323,10200,10099,11814,11857,0,0,0,255
58518,10366,13118,10325,10200,10103,11810,11856,0,0,0,255
59018,10380,13115,10323,10203,10101,11808,11857,0,0,0,255
59518,10419,13132,10321,10201,10102,11808,11857,0,0,0,255
60018,10446,13143,10323,10209,10103,11813,11860,0,0,0,255
60518,10483,13132,10323,10200,10099,11814,11855,0,0,0,255
61018,10504,13131,10323,10199,10097,11812,11858,0,0,0,255
61518,10536,13116,10317,10200,10102,11809,11856,0,0,0,255
62018,10547,13128,10318,10204,10102,11809,11857,0,0,0,255
62518,10606,13121,10325,10202,10101,11809,11859,0,0,0,255
63018,10619,13117,10324,10203,10104,11813,11861,0,0,0,255
63518,10647,13124,10325,10197,10102,11808,11858,0,0,0,255
64018,10670,13135,10324,10201,10099,11808,11854,0,0,0,255
64518,10698,13125,10321,10211,10100,11808,11856,0,0,0,255
65018,10735,13115,10324,10204,10102,11813,11854,0,0,0,255
65518,10751,13127,10324,10199,10102,11813,11858,0,0,0,255
66018,10788,13122,10324,10203,10101,11811,11857,0,0,0,255
66518,10818,13135,10327,10200,10101,11808,11859,0,0,0,255
67018,10841,13127,10325,10202,10103,11807,11857,0,0,0,255
67518,10872,13121,10324,10203,10105,11811,11858,0,0,0,255
68018,10891,13125,10326,10203,10101,11813,11856,0,0,0,255
68518,10941,13132,10326,10201,10099,11811,11858,0,0,0,255
69018,10961,13134,10327,10202,10104,11809,11857,0,0,0,255
69518,10995,13117,10324,10203,10104,11808,11857,0,0,0,255
70018,11016,13142,10323,10200,10102,11810,11858,0,0,0,255
70518,11035,13122,10328,10203,10103,11813,11859,0,0,0,255
71018,11071,13120,10322,10201,10099,11812,11855,0,0,0,255
71518,11099,13121,10324,10204,10100,11810,11858,0,0,0,255
72018,11121,13128,10328,10201,10102,11809,11855,0,0,0,255
72518,11156,13126,10324,10203,10104,11811,11858,0,0,0,255
73018,11175,13143,10326,10203,10103,11811,11859,0,0,0,255
73518,11205,13125,10323,10200,10097,11813,11858,0,0,0,255
74018,11228,13116,10324,10202,10100,11810,11856,0,0,0,255
74518,11257,13126,10323,10202,10103,11809,11856,0,0,0,255
75018,11279,13127,10324,10202,10101,11810,11857,0,0,0,255
75518,11307,13124,10323,10204,10101,11813,11855,0,0,0,255
76018,11333,13124,10325,10202,10101,11811,11854,0,0,0,255
76518,11360,13132,10324,10202,10098,11809,11857,0,0,0,255
77018,11387,13130,10326,10200,10100,11808,11857,0,0,0,255
77518,11415,13137,10325,10203,10098,11806,11858,0,0,0,255
78018,11435,13128,10325,10201,10099,11810,11858,0,0,0,255
78518,11464,13129,10330,10199,10100,11810,11855,0,0,0,255
79018,11493,13139,10328,10206,10102,11813,11858,0,0,0,255
79518,11524,13131,10326,10202,10101,11809,11857,0,0,0,255
80018,11554,13149,10327,10201,10101,11807,11858,0,0,0,255
80518,11575,13138,10326,10203,10101,11811,11859,0,0,0,255
81018,11597,13134,10326,10200,10099,11811,11859,0,0,0,255
81518,11624,13137,10327,10203,10103,11811,11857,0,0,0,255
82018,11655,13137,10328,10206,10101,11807,11858,0,0,0,255
82518,11676,13137,10328,10203,10103,11807,11857,0,0,0,255
83018,11699,13133,10327,10202,10103,11808,11858,0,0,0,255
83518,11726,13148,10330,10204,10099,11809,11858,0,0,0,255
84018,11755,13130,10327,10203,10102,11809,11857,0,0,0,255
84518,11776,13139,10328,10200,10099,11809,11857,0,0,0,255
85018,11809,13137,10329,10201,10102,11810,11857,0,0,0,255
85518,11833,13136,10329,10201,10104,11809,11857,0,0,0,255
86018,11863,13144,10329,10203,10101,11811,11859,0,0,0,255
86518,11886,13147,10329,10203,10101,11810,11858,0,0,0,255
87018,11910,13141,10329,10205,10104,11809,11858,0,0,0,255
87518,11934,13142,10327,10203,10102,11809,11857,0,0,0,255
88018,11960,13131,10326,10208,10100,11808,11858,0,0,0,255
88518,11986,13157,10328,10206,10107,11809,11859,0,0,0,255
89018,12013,13145,10328,10205,10103,11809,11856,0,0,0,255
89518,12036,13138,10329,10206,10101,11811,11858,0,0,0,255
90018,12061,13142,10330,10203,10104,11809,11858,0,0,0,255
90518,12087,13142,10331,10203,10103,11809,11858,0,0,0,255
91018,12119,13148,10329,10202,10101,11807,11859,0,0,0,255
91518,12136,13155,10328,10205,10101,11808,11858,0,0,0,255
92018,12156,13167,10329,10205,10105,11809,11857,0,0,0,255
92518,12169,13157,10330,10205,10102,11809,11857,0,0,0,255
93018,12188,13156,10334,10206,10102,11807,11858,0,0,0,255
93518,12203,13172,10337,10206,10103,11809,11858,0,0,0,255
94018,12222,13156,10337,10206,10100,11810,11857,0,0,0,255
94518,12243,13179,10340,10205,10101,11808,11858,0,0,0,255
95018,12258,13190,10340,10205,10104,11807,11857,0,0,0,255
95518,12274,13193,10344,10206,10100,11809,11854,0,0,0,255
96018,12293,13185,10347,10208,10100,11809,11859,0,0,0,255
96518,12306,13193,10348,10206,10106,11809,11856,0,0,0,255
97018,12323,13213,10351,10206,10103,11808,11857,0,0,0,255
97518,12340,13216,10348,10205,10102,11809,11856,0,0,0,255
98018,12356,13222,10352,10204,10106,11808,11858,0,0,0,255
98518,12367,13217,10356,10204,10102,11808,11858,0,0,0,255
99018,12388,13232,10359,10208,10101,11809,11857,0,0,0,255
99518,12404,13228,10361,10212,10102,11808,11855,0,0,0,255
100018,12419,13253,10359,10203,10105,11807,11856,0,0,0,255
100518,12432,13251,10362,10209,10101,11806,11856,0,0,0,255
101018,12454,13260,10367,10203,10101,11806,11857,0,0,0,255
101518,12465,13260,10369,10207,10107,11808,11857,0,0,0,255
102018,12483,13299,10372,10207,10101,11807,11856,0,0,0,255
102518,12496,13293,10370,10205,10102,11810,11859,0,0,0,255
103018,12511,13290,10376,10204,10106,11808,11856,0,0,0,255
103518,12525,13292,10378,10207,10103,11809,11857,0,0,0,255
104018,12543,13303,10379,10204,10103,11810,11859,0,0,0,255
104518,12559,13322,10379,10203,10107,11809,11855,0,0,0,255
105018,12574,13314,10382,10203,10105,11808,11858,0,0,0,255
105518,12586,13320,10384,10210,10105,11806,11856,0,0,0,255
106018,12602,13331,10391,10205,10104,11807,11857,0,0,0,255
106518,12620,13331,10393,10205,10104,11809,11858,0,0,0,255
107018,12633,13350,10391,10209,10103,11806,11857,0,0,0,255
107518,12643,13366,10392,10207,10104,11808,11856,0,0,0,255
108018,12659,13370,10397,10204,10103,11807,11856,0,0,0,255
108518,12670,13366,10401,10206,10106,11808,11858,0,0,0,255
109018,12689,13380,10401,10208,10106,11808,11857,0,0,0,255
109518,12700,13387,10401,10205,10103,11809,11856,0,0,0,255
110018,12717,13400,10405,10208,10104,11807,11857,0,0,0,255
110518,12735,13404,10411,10208,10103,11808,11857,0,0,0,255
111018,12744,13412,10413,10206,10107,11806,11855,0,0,0,255
111518,12762,13424,10414,10209,10104,11808,11858,0,0,0,255
112018,12767,13427,10417,10208,10105,11808,11858,0,0,0,255
112518,12785,13425,10420,10210,10106,11808,11857,0,0,0,255
113018,12798,13443,10419,10208,10106,11806,11856,0,0,0,255
113518,12813,13449,10425,10208,10104,11806,11856,0,0,0,255
114018,12824,13470,10424,10208,10107,11808,11858,0,0,0,255
114518,12841,13461,10429,10206,10108,11809,11856,0,0,0,255
115018,12851,13475,10433,10207,10108,11807,11855,0,0,0,255
115518,12876,13487,10430,10209,10105,11809,11857,0,0,0,255
116018,12878,13495,10433,10208,10106,11807,11855,0,0,0,255
116518,12889,13498,10437,10210,10105,11808,11857,0,0,0,255
117018,12911,13497,10440,10209,10105,11807,11857,0,0,0,255
117518,12913,13521,10443,10210,10108,11809,11857,0,0,0,255
118018,12928,13524,10446,10208,10105,11805,11858,0,0,0,255
118518,12944,13551,10447,10206,10106,11806,11856,0,0,0,255
119018,12956,13551,10453,10209,10110,11808,11857,0,0,0,255
119518,12970,13548,10453,10209,10106,11807,11858,0,0,0,255
120018,12983,13567,10455,10207,10107,11806,11855,0,0,0,255
120518,13000,13574,10460,10205,10106,11807,11858,0,0,0,255
121018,13011,13587,10460,10205,10108,11808,11857,0,0,0,255
121518,13026,13591,10464,10209,10107,11807,11857,0,0,0,255
122018,13039,13594,10464,10207,10111,11809,11858,0,0,0,255
122518,13041,13604,10469,10209,10110,11810,11858,0,0,0,255
123018,13067,13627,10472,10206,10110,11807,11857,0,0,0,255
123518,13077,13626,10474,10208,10105,11808,11857,0,0,0,255
124018,13089,13635,10479,10209,10108,11807,11859,0,0,0,255
124518,13100,13636,10479,10209,10108,11807,11859,0,0,0,255
125018,13114,13651,10482,10207,10105,11806,11857,0,0,0,255
125518,13131,13651,10485,10210,10110,11807,11858,0,0,0,255
126018,13140,13672,10488,10211,10108,11808,11859,0,0,0,255
126518,13149,13674,10491,10207,10105,11807,11858,0,0,0,255
127018,13163,13688,10491,10211,10113,11807,11856,0,0,0,255
127518,13170,13698,10498,10210,10110,11808,11860,0,0,0,255
128018,13185,13718,10498,10208,10107,11808,11859,0,0,0,255
128518,13200,13719,10500,10206,10109,11805,11858,0,0,0,255
129018,13209,13714,10506,10211,10110,11806,11857,0,0,0,255
129518,13222,13733,10507,10208,10111,11807,11857,0,0,0,255
130018,13233,13728,10509,10214,10112,11807,11859,0,0,0,255
130518,13242,13755,10511,10212,10109,11807,11857,0,0,0,255
131018,13246,13771,10512,10212,10109,11806,11857,0,0,0,255
446,13273,13771,10518,10212,10111,11807,11857,0,0,0,255
946,13277,13778,10519,10213,10111,11807,11858,0,0,0,255
1446,13288,13786,10522,10212,10108,11807,11857,0,0,0,255
1946,13295,13797,10525,10213,10110,11808,11858,0,0,0,255
2446,13310,13825,10527,10216,10110,11807,11855,0,0,0,255
2946,13317,13820,10529,10214,10110,11809,11858,0,0,0,255
3446,13319,13831,10532,10212,10109,11807,11856,0,0,0,255
3946,13323,13834,10537,10217,10114,11807,11859,0,0,0,255
4446,13320,13842,10537,10212,10111,11808,11857,0,0,0,255
4946,13317,13867,10541,10212,10109,11806,11855,70,0,0,255
5446,13325,13863,10547,10212,10112,11806,11857,70,0,0,255
5946,13284,13848,10548,10216,10110,11806,11854,70,0,0,255
6446,13247,13844,10554,10212,10111,11806,11854,70,0,0,255
6946,13177,13814,10622,10212,10112,11807,11856,70,0,0,255
7446,13106,13832,10650,10218,10115,11808,11857,70,0,0,255
7946,13015,14112,10650,10217,10110,11807,11855,70,0,0,255
8446,12934,14197,10676,10213,10114,11807,11857,70,0,0,255
8946,12811,14217,10723,10217,10114,11807,11855,70,0,0,255
9446,12716,14277,10747,10213,10111,11807,11856,70,0,0,255
9946,12625,14475,10772,10214,10114,11807,11858,70,0,0,255
10446,12530,14550,10787,10216,10115,11809,11855,70,0,0,255
10946,12441,14673,10828,10220,10110,11806,11857,70,0,0,255
11446,12351,14714,10843,10214,10114,11807,11855,70,0,0,255
11946,12275,14804,10864,10216,10115,11806,11856,70,0,0,255
12446,12201,14913,10890,10214,10115,11808,11857,70,0,0,255
12946,12128,14990,10906,10216,10117,11807,11854,70,0,0,255
13446,12063,15094,10925,10219,10116,11807,11857,70,0,0,255
13946,11999,15132,10943,10220,10115,11806,11856,70,0,0,255
14446,11940,15194,10971,10218,10116,11807,11858,70,0,0,255
14946,11880,15251,10979,10219,10116,11807,11855,70,0,0,255
15446,11825,15319,10994,10221,10115,11808,11856,70,0,0,255
15946,11778,15357,11020,10219,10115,11807,11854,70,0,0,255
16446,11733,15432,11028,10219,10121,11808,11857,70,0,0,255
16946,11688,15478,11047,10218,10118,11808,11857,70,0,0,255
17446,11647,15536,11060,10220,10118,11807,11855,70,0,0,255
17946,11612,15566,11072,10222,10118,11808,11857,70,0,0,255
18446,11576,15638,11089,10222,10118,11808,11855,70,0,0,255
18946,11540,15656,11097,10219,10117,11808,11854,70,0,0,255
19446,11521,15707,11115,10221,10121,11806,11856,70,0,0,255
19946,11487,15740,11121,10223,10119,11808,11858,70,0,0,255
20446,11460,15781,11134,10220,10118,11808,11857,70,0,0,255
20946,11434,15833,11146,10220,10121,11809,11856,70,0,0,255
21446,11422,15870,11150,10223,10119,11807,11856,70,0,0,255
21946,11407,15905,11161,10224,10119,11807,11856,70,0,0,255
22446,11393,15960,11169,10222,10122,11808,11856,70,0,0,255
22946,11380,15953,11179,10221,10121,11807,11855,70,0,0,255
23446,11371,16013,11189,10225,10122,11807,11856,70,0,0,255
23946,11361,16009,11195,10224,10121,11807,11854,70,0,0,255
24446,11347,16048,11201,10228,10124,11807,11857,70,0,0,255
24946,11348,16104,11210,10225,10122,11808,11858,70,0,0,255
25446,11335,16091,11216,10224,10120,11808,11855,70,0,0,255
25946,11329,16116,11224,10230,10124,11809,11857,70,0,0,255
26446,11328,16152,11227,10227,10123,11808,11855,70,0,0,255
26946,11322,16165,11237,10225,10124,11808,11855,70,0,0,255
27446,11327,16172,11241,10231,10126,11806,11857,70,0,0,255
27946,11326,16207,11245,10228,10124,11807,11855,70,0,0,255
28446,11327,16218,11254,10226,10124,11807,11855,70,0,0,255
28946,11328,16247,11258,10228,10126,11807,11857,70,0,0,255
29446,11330,16237,11264,10231,10124,11807,11856,70,0,0,255
29946,11328,16285,11268,10232,10124,11808,11855,70,0,0,255
30446,11336,16278,11275,10227,10129,11806,11857,70,0,0,255
30946,11340,16295,11280,10233,10126,11807,11856,70,0,0,255
31446,11346,16323,11281,10232,10125,11807,11855,70,0,0,255
31946,11351,16316,11288,10229,10126,11808,11857,70,0,0,255
32446,11358,16327,11294,10233,10129,11807,11856,70,0,0,255
32946,11356,16343,11298,10230,10126,11808,11856,70,0,0,255
33446,11357,16378,11302,10233,10131,11809,11856,70,0,0,255
33946,11365,16381,11309,10233,10129,11807,11855,70,0,0,255
34446,11366,16412,11310,10229,10127,11808,11854,70,0,0,255
34946,11371,16439,11316,10232,10130,11807,11856,70,0,0,255
35446,11370,16452,11324,10232,10129,11808,11856,70,0,0,255
35946,11378,16466,11326,10233,10130,11807,11856,70,0,0,255
36446,11383,16481,11329,10230,10132,11807,11857,70,0,0,255
36946,11392,16509,11337,10234,10131,11808,11856,70,0,0,255
37446,11396,16514,11343,10236,10132,11808,11856,70,0,0,255
37946,11396,16514,11348,10235,10130,11807,11859,70,0,0,255
38446,11397,16559,11354,10239,10131,11808,11858,70,0,0,255
38946,11407,16553,11355,10236,10131,11807,11857,70,0,0,255
39446,11412,16555,11360,10237,10132,11808,11856,70,0,0,255
39946,11408,16596,11369,10238,10135,11808,11857,70,0,0,255
40446,11421,16608,11371,10236,10136,11807,11857,70,0,0,255
40946,11425,16620,11373,10239,10136,11808,11856,70,0,0,255
41446,11430,16632,11382,10237,10134,11809,11857,70,0,0,255
41946,11431,16648,11384,10239,10138,11808,11857,70,0,0,255
42446,11435,16669,11390,10234,10135,11807,11858,70,0,0,255
42946,11442,16690,11394,10240,10137,11807,11856,70,0,0,255
43446,11447,16697,11398,10242,10138,11807,11855,70,0,0,255
43946,11454,16719,11404,10242,10138,11807,11857,70,0,0,255
44446,11457,16736,11410,10239,10135,11809,11858,70,0,0,255
44946,11456,16730,11414,10246,10137,11809,11856,70,0,0,255
45446,11467,16754,11416,10242,10137,11807,11858,70,0,0,255
45946,11470,16782,11422,10246,10137,11808,11856,70,0,0,255
46446,11475,16786,11428,10239,10140,11808,11857,70,0,0,255
46946,11486,16812,11433,10246,10141,11809,11857,70,0,0,255
47446,11483,16825,11435,10247,10140,11809,11857,70,0,0,255
47946,11484,16850,11442,10247,10144,11807,11857,70,0,0,255
48446,11489,16844,11444,10247,10143,11809,11858,70,0,0,255
48946,11498,16851,11450,10243,10141,11808,11855,70,0,0,255
49446,11503,16883,11458,10245,10142,11808,11855,70,0,0,255
49946,11506,16906,11463,10244,10141,11807,11854,70,0,0,255
50446,11508,16894,11463,10243,10145,11807,11853,70,0,0,255
50946,11510,16935,11469,10249,10142,11809,11857,70,0,0,255
51446,11524,16936,11477,10247,10144,11808,11858,70,0,0,255
51946,11529,16945,11479,10249,10142,11809,11858,70,0,0,255
52446,11529,16957,11482,10249,10143,11807,11857,70,0,0,255
52946,11535,16990,11484,10249,10148,11807,11857,70,0,0,255
53446,11533,17024,11497,10248,10144,11807,11856,70,0,0,255
53946,11542,17025,11502,10251,10146,11809,11855,70,0,0,255
54446,11548,17051,11499,10249,10147,11808,11856,70,0,0,255
54946,11547,17067,11506,10251,10143,11808,11857,70,0,0,255
55446,11550,17079,11511,10250,10146,11808,11857,70,0,0,255
55946,11555,17095,11517,10253,10146,11809,11857,70,0,0,255
56446,11562,17084,11516,10250,10150,11808,11858,70,0,0,255
56946,11563,17110,11526,10251,10146,11808,11857,70,0,0,255
57446,11575,17120,11531,10252,10146,11809,11856,70,0,0,255
57946,11576,17156,11531,10253,10147,11809,11856,70,0,0,255
58446,11577,17166,11541,10257,10147,11807,11857,70,0,0,255
58946,11580,17168,11543,10251,10149,11808,11855,70,0,0,255
59446,11584,17194,11549,10253,10150,11808,11856,70,0,0,255
59946,11589,17203,11552,10254,10150,11809,11858,70,0,0,255
60446,11595,17244,11556,10255,10148,11806,11856,70,0,0,255
60946,11597,17248,11563,10255,10154,11807,11857,70,0,0,255
61446,11601,17252,11566,10255,10150,11808,11856,70,0,0,255
61946,11608,17266,11573,10254,10152,11808,11857,70,0,0,255
62446,11605,17263,11574,10258,10154,11809,11856,70,0,0,255
62946,11614,17298,11586,10259,10154,11808,11858,70,0,0,255
63446,11624,17306,11584,10255,10152,11810,11859,70,0,0,255
63946,11628,17337,11590,10255,10157,11808,11859,70,0,0,255
64446,11630,17355,11594,10258,10153,11809,11856,70,0,0,255
64946,11644,17350,11601,10258,10155,11809,11856,70,0,0,255
65446,11638,17388,11601,10256,10153,11807,11856,70,0,0,255
65946,11642,17401,11606,10256,10156,11808,11857,70,0,0,255
66446,11646,17398,11610,10257,10157,11808,11858,70,0,0,255
66946,11654,17430,11618,10258,10154,11808,11859,70,0,0,255
67446,11652,17444,11619,10259,10158,11807,11857,70,0,0,255
67946,11660,17445,11626,10259,10157,11809,11856,70,0,0,255
68446,11664,17464,11630,10261,10157,11809,11857,70,0,0,255
68946,11669,17487,11634,10261,10159,11810,11856,70,0,0,255
69446,11671,17487,11643,10261,10158,11808,11857,70,0,0,255
69946,11679,17514,11646,10263,10158,11808,11856,70,0,0,255
70446,11686,17532,11648,10261,10162,11807,11859,70,0,0,255
70946,11686,17541,11657,10265,10161,11808,11858,70,0,0,255
71446,11691,17575,11657,10263,10160,11808,11857,70,0,0,255
71946,11694,17577,11662,10263,10160,11809,11858,70,0,0,255
72446,11699,17590,11667,10265,10163,11808,11858,70,0,0,255
72946,11707,17590,11673,10263,10163,11810,11857,70,0,0,255
73446,11712,17610,11677,10263,10163,11808,11858,70,0,0,255
73946,11716,17644,11685,10263,10165,11810,11856,70,0,0,255
74446,11719,17658,11687,10271,10165,11809,11857,70,0,0,255
74946,11723,17657,11687,10268,10166,11808,11858,70,0,0,255
75446,11725,17673,11698,10268,10166,11810,11858,70,0,0,255
75946,11731,17689,11699,10267,10166,11809,11858,70,0,0,255
76446,11735,17733,11703,10268,10167,11809,11858,70,0,0,255
76946,11745,17730,11708,10268,10171,11808,11858,70,0,0,255
77446,11747,17746,11715,10266,10166,11808,11856,70,0,0,255
77946,11748,17771,11718,10272,10167,11808,11858,70,0,0,255
78446,11751,17750,11724,10268,10164,11808,11859,70,0,0,255
78946,11759,17766,11726,10270,10169,11809,11859,70,0,0,255
79446,11762,17801,11733,10270,10165,11809,11858,70,0,0,255
79946,11763,17798,11737,10270,10170,11809,11858,70,0,0,255
80446,11772,17835,11741,10271,10172,11808,11859,70,0,0,255
80946,11775,17829,11747,10271,10167,11809,11857,70,0,0,255
81446,11779,17851,11749,10273,10168,11808,11858,70,0,0,255
81946,11780,17846,11754,10272,10171,11809,11857,70,0,0,255
82446,11788,17884,11758,10278,10172,11809,11858,70,0,0,255
82946,11790,17895,11764,10276,10172,11809,11858,70,0,0,255
83446,11798,17909,11770,10275,10170,11809,11856,70,0,0,255
83946,11797,17967,11771,10276,10172,11810,11858,70,0,0,255
84446,11800,17954,11777,10278,10172,11810,11860,70,0,0,255
84946,11806,17960,11780,10282,10171,11810,11860,70,0,0,255
85446,11808,17968,11787,10279,10173,11810,11858,70,0,0,255
85946,11819,18001,11791,10278,10174,11810,11859,70,0,0,255
86446,11818,17999,11797,10281,10174,11810,11858,70,0,0,255
86946,11826,18056,11800,10282,10176,11810,11859,70,0,0,255
87446,11834,18058,11805,10278,10174,11808,11858,70,0,0,255
87946,11840,18045,11813,10280,10176,11808,11858,70,0,0,255
88446,11838,18072,11811,10282,10176,11809,11859,70,0,0,255
88946,11844,18085,11818,10284,10176,11808,11858,70,0,0,255
89446,11850,18112,11825,10283,10175,11809,11858,70,0,0,255
89946,11851,18121,11828,10283,10177,11810,11860,70,0,0,255
90446,11855,18140,11833,10286,10177,11810,11858,70,0,0,255
90946,11858,18136,11836,10282,10176,11808,11861,70,0,0,255
91446,11862,18149,11841,10284,10178,11811,11857,70,0,0,255
91946,11866,18170,11844,10286,10179,11809,11859,70,0,0,255
92446,11873,18180,11852,10286,10179,11810,11858,70,0,0,255
92946,11876,18208,11855,10285,10176,11812,11858,70,0,0,255
93446,11879,18217,11858,10284,10183,11810,11858,70,0,0,255
93946,11888,18256,11863,10285,10181,11808,11856,70,0,0,255
94446,11888,18252,11870,10288,10182,11809,11860,70,0,0,255
94946,11892,18273,11872,10287,10182,11809,11859,70,0,0,255
95446,11894,18295,11876,10288,10180,11810,11859,70,0,0,255
95946,11900,18316,11885,10288,10182,11811,11858,70,0,0,255
96446,11906,18331,11887,10290,10183,11810,11859,70,0,0,255
96946,11909,18320,11888,10287,10185,11809,11856,70,0,0,255
97446,11913,18333,11894,10285,10182,11809,11858,70,0,0,255
97946,11921,18334,11900,10288,10184,11809,11859,70,0,0,255
98446,11925,18369,11904,10289,10185,11810,11860,70,0,0,255
98946,11926,18394,11910,10287,10183,11810,11859,70,0,0,255
99446,11928,18383,11913,10292,10183,11809,11859,70,0,0,255
99946,11929,18432,11917,10293,10188,11809,11861,70,0,0,255
100446,11936,18412,11921,10291,10188,11810,11860,70,0,0,255
100946,11942,18439,11925,10293,10185,11811,11861,70,0,0,255
101446,11945,18444,11930,10293,10188,11810,11859,70,0,0,255
101946,11949,18469,11939,10292,10188,11810,11858,70,0,0,255
102446,11950,18500,11944,10295,10190,11810,11858,70,0,0,255
102946,11953,18514,11944,10293,10194,11811,11861,70,0,0,255
103446,11965,18523,11951,10294,10189,11812,11859,70,0,0,255
103946,11968,18537,11955,10296,10187,11812,11859,70,0,0,255
104446,11973,18566,11956,10297,10190,11813,11861,70,0,0,255
104946,11981,18562,11960,10297,10191,11810,11861,70,0,0,255
105446,11977,18551,11968,10296,10193,11813,11857,70,0,0,255
105946,11983,18635,11973,10297,10193,11810,11861,70,0,0,255
106446,11992,18604,11974,10296,10193,11811,11859,70,0,0,255
106946,12000,18632,11981,10303,10192,11811,11862,70,0,0,255
107446,11998,18643,11984,10295,10193,11812,11863,70,0,0,255
107946,12007,18650,11989,10297,10193,11811,11859,70,0,0,255
108446,12004,18681,11992,10302,10194,11813,11858,70,0,0,255
108946,12007,18696,12001,10300,10193,11810,11860,70,0,0,255
109446,12010,18679,12004,10299,10196,11813,11862,70,0,0,255
109946,12018,18741,12008,10303,10198,11811,11861,70,0,0,255
110446,12027,18735,12013,10300,10195,11811,11860,70,0,0,255
110946,12029,18742,12017,10299,10195,11811,11861,70,0,0,255
111446,12032,18749,12022,10303,10199,11812,11857,70,0,0,255
111946,12035,18769,12026,10304,10199,11812,11862,70,0,0,255
112446,12037,18804,12031,10308,10197,11812,11861,70,0,0,255
112946,12046,18824,12036,10302,10197,11811,11861,70,0,0,255
113446,12045,18828,12036,10303,10200,11811,11859,70,0,0,255
113946,12055,18881,12043,10304,10202,11811,11861,70,0,0,255
114446,12054,18846,12046,10303,10199,11811,11861,70,0,0,255
114946,12064,18821,12049,10303,10203,11812,11859,70,0,0,255
115446,12064,18870,12057,10308,10199,11812,11862,70,0,0,255
115946,12065,18886,12061,10305,10202,11813,11860,70,0,0,255
116446,12073,18900,12064,10306,10202,11813,11863,70,0,0,255
116946,12077,18921,12073,10308,10205,11812,11862,70,0,0,255
117446,12083,18930,12072,10309,10203,11813,11861,70,0,0,255
117946,12082,18974,12078,10305,10204,11812,11862,70,0,0,255
118446,12091,18971,12085,10307,10205,11813,11863,70,0,0,255
118946,12090,18974,12084,10310,10204,11813,11862,70,0,0,255
119446,12099,18994,12093,10308,10203,11811,11863,70,0,0,255
119946,12102,19017,12097,10307,10206,11812,11860,70,0,0,255
120446,12102,19033,12103,10310,10204,11812,11861,70,0,0,255
120946,12109,19031,12105,10313,10205,11812,11861,70,0,0,255
121446,12119,19081,12111,10311,10208,11814,11862,70,0,0,255
121946,12119,19084,12113,10311,10210,11811,11860,70,0,0,255
122446,12120,19074,12117,10313,10207,11811,11864,70,0,0,255
122946,12136,19100,12126,10314,10209,11814,11866,70,0,0,255
123446,12127,19121,12126,10315,10208,11814,11862,70,0,0,255
123946,12137,19123,12131,10314,10209,11813,11861,70,0,0,255
124446,12142,19145,12137,10311,10208,11813,11863,70,0,0,255
124946,12145,19162,12142,10315,10209,11813,11862,70,0,0,255
125446,12150,19181,12145,10317,10210,11813,11863,70,0,0,255
125946,12153,19182,12149,10313,10211,11813,11864,70,0,0,255
126446,12159,19209,12153,10317,10211,11814,11864,70,0,0,255
126946,12160,19211,12158,10318,10217,11814,11866,70,0,0,255
127446,12170,19213,12161,10317,10212,11814,11864,70,0,0,255
127946,12173,19246,12166,10320,10212,11816,11866,70,0,0,255
128446,12182,19272,12173,10316,10217,11813,11865,70,0,0,255
128946,12182,19299,12173,10320,10212,11815,11864,70,0,0,255
129446,12187,19283,12180,10325,10214,11816,11862,70,0,0,255
129946,12188,19335,12184,10323,10214,11814,11863,70,0,0,255
130446,12197,19356,12190,10321,10219,11814,11865,70,0,0,255
130946,12198,19372,12193,10322,10217,11815,11860,70,0,0,255
374,12200,19389,12197,10322,10218,11814,11864,70,0,0,255
874,12209,19366,12202,10323,10220,11815,11862,70,0,0,255
1374,12208,19396,12206,10325,10216,11816,11865,70,0,0,255
1874,12209,19386,12207,10325,10218,11815,11865,70,0,0,255
2374,12219,19438,12215,10326,10219,11815,11864,70,0,0,255
2874,12224,19469,12215,10326,10221,11814,11865,70,0,0,255
3374,12229,19448,12222,10328,10220,11815,11864,70,0,0,255
3874,12236,19451,12226,10331,10226,11815,11862,70,0,0,255
4374,12238,19441,12225,10334,10231,11816,11865,70,0,0,255
4874,12235,19504,12230,10336,10233,11815,11864,70,0,0,255
5374,12241,19470,12232,10340,10234,11816,11865,70,0,0,255
5874,12246,19495,12233,10342,10236,11816,11865,70,0,0,255
6374,12247,19522,12236,10348,10244,11814,11866,70,0,0,255
6874,12248,19515,12241,10354,10244,11816,11864,70,0,0,255
7374,12253,19521,12244,10353,10248,11816,11864,70,0,0,255
7874,12257,19526,12248,10356,10252,11816,11865,70,0,0,255
8374,12259,19534,12249,10361,10253,11815,11865,70,0,0,255
8874,12268,19543,12250,10364,10258,11816,11865,70,0,0,255
9374,12265,19558,12255,10370,10261,11816,11865,70,0,0,255
9874,12264,19595,12258,10372,10266,11816,11866,70,0,0,255
10374,12271,19579,12260,10377,10267,11816,11865,70,0,0,255
10874,12270,19587,12262,10378,10275,11816,11864,70,0,0,255
11374,12272,19601,12269,10387,10275,11816,11866,70,0,0,255
11874,12276,19597,12264,10385,10279,11815,11866,70,0,0,255
12374,12280,19627,12270,10390,10282,11817,11866,70,0,0,255
12874,12281,19598,12274,10395,10291,11818,11865,70,0,0,255
13374,12284,19619,12277,10398,10290,11816,11867,70,0,0,255
13874,12285,19628,12275,10400,10291,11816,11863,70,0,0,255
14374,12288,19630,12282,10404,10297,11817,11867,70,0,0,255
14874,12294,19654,12283,10408,10302,11817,11867,70,0,0,255
15374,12295,19648,12285,10410,10303,11816,11867,70,0,0,255
15874,12298,19658,12291,10415,10309,11817,11868,70,0,0,255
16374,12298,19669,12285,10419,10310,11818,11866,70,0,0,255
16874,12305,19697,12294,10422,10314,11818,11866,70,0,0,255
17374,12305,19696,12299,10428,10322,11817,11867,70,0,0,255
17874,12309,19714,12300,10429,10321,11817,11867,70,0,0,255
18374,12312,19708,12306,10437,10327,11819,11868,70,0,0,255
18874,12311,19719,12311,10443,10328,11819,11867,70,0,0,255
19374,12314,19749,12311,10441,10333,11818,11867,70,0,0,255
19874,12317,19763,12311,10443,10336,11819,11867,70,0,0,255
20374,12322,19763,12316,10445,10342,11818,11867,70,0,0,255
20874,12321,19782,12313,10454,10343,11820,11867,70,0,0,255
21374,12324,19794,12320,10455,10349,11820,11870,70,0,0,255
21874,12325,19775,12322,10460,10351,11822,11868,70,0,0,255
22374,12330,19774,12326,10465,10356,11820,11871,70,0,0,255
22874,12333,19815,12326,10465,10361,11820,11867,70,0,0,255
23374,12333,19788,12327,10472,10359,11820,11869,70,0,0,255
23874,12335,19808,12331,10474,10364,11821,11870,70,0,0,255
24374,12341,19837,12336,10474,10369,11822,11867,70,0,0,255
24874,12341,19815,12341,10478,10375,11821,11872,70,0,0,255
25374,12343,19847,12340,10485,10373,11821,11870,70,0,0,255
25874,12347,19839,12341,10488,10381,11821,11869,70,0,0,255
26374,12349,19864,12347,10490,10384,11820,11869,70,0,0,255
26874,12351,19895,12349,10497,10388,11823,11871,70,0,0,255
27374,12354,19877,12355,10498,10387,11821,11870,70,0,0,255
27874,12361,19891,12351,10502,10395,11822,11871,70,0,0,255
28374,12360,19884,12354,10509,10397,11823,11871,70,0,0,255
28874,12362,19922,12360,10510,10401,11822,11870,70,0,0,255
29374,12366,19900,12364,10517,10407,11822,11873,70,0,0,255
29874,12373,19939,12362,10514,10410,11822,11872,70,0,0,255
30374,12371,19952,12367,10522,10415,11822,11870,70,0,0,255
30874,12373,19937,12368,10526,10416,11822,11872,70,0,0,255
31374,12376,19942,12372,10531,10420,11823,11872,70,0,0,255
31874,12380,19938,12374,10529,10423,11822,11873,70,0,0,255
32374,12383,19964,12376,10539,10427,11823,11873,70,0,0,255
32874,12389,19964,12378,10541,10433,11825,11874,70,0,0,255
33374,12388,19975,12383,10546,10437,11823,11873,70,0,0,255
33874,12390,19979,12381,10550,10439,11825,11872,70,0,0,255
34374,12401,19969,12386,10556,10439,11824,11874,70,0,0,255
34874,12397,20023,12391,10557,10448,11826,11874,70,0,0,255
35374,12396,20013,12391,10565,10450,11825,11871,70,0,0,255
35874,12400,20030,12394,10564,10456,11827,11873,70,0,0,255
36374,12406,20045,12399,10567,10461,11824,11875,70,0,0,255
36874,12408,20040,12398,10571,10460,11824,11876,70,0,0,255
37374,12412,20054,12403,10574,10465,11827,11876,70,0,0,255
37874,12415,20025,12405,10578,10470,11827,11876,70,0,0,255
38374,12407,20087,12408,10583,10470,11827,11879,70,0,0,255
38874,12415,20079,12410,10584,10476,11828,11877,70,0,0,255
39374,12417,20074,12414,10589,10480,11827,11877,70,0,0,255
39874,12422,20081,12418,10594,10483,11827,11878,70,0,0,255
40374,12424,20107,12420,10598,10486,11828,11878,70,0,0,255
40874,12421,20107,12422,10602,10487,11829,11877,70,0,0,255
41374,12425,20131,12423,10609,10494,11829,11876,70,0,0,255
41874,12430,20133,12425,10610,10496,11829,11880,70,0,0,255
42374,12430,20165,12430,10614,10500,11831,11875,70,0,0,255
42874,12434,20143,12431,10617,10506,11829,11879,70,0,0,255
43374,12430,20139,12434,10619,10507,11829,11876,70,0,0,255
43874,12437,20160,12434,10624,10512,11829,11880,70,0,0,255
44374,12440,20192,12440,10631,10517,11832,11879,70,0,0,255
44874,12442,20202,12445,10632,10522,11831,11878,70,0,0,255
45374,12446,20190,12446,10635,10527,11832,11879,70,0,0,255
45874,12449,20199,12448,10639,10528,11832,11881,70,0,0,255
46374,12449,20225,12445,10645,10532,11831,11880,70,0,0,255
46874,12455,20211,12456,10647,10534,11832,11881,70,0,0,255
47374,12453,20208,12453,10646,10538,11833,11880,70,0,0,255
47874,12455,20227,12458,10658,10545,11833,11882,70,0,0,255
48374,12460,20250,12462,10656,10546,11833,11882,70,0,0,255
48874,12463,20232,12462,10661,10551,11834,11882,70,0,0,255
49374,12459,20252,12463,10669,10555,11833,11881,70,0,0,255
49874,12463,20249,12470,10670,10557,11834,11882,70,0,0,255
50374,12465,20296,12470,10673,10561,11835,11881,70,0,0,255
50874,12466,20285,12469,10675,10564,11835,11882,70,0,0,255
51374,12465,20317,12481,10681,10568,11835,11882,70,0,0,255
51874,12479,20293,12480,10686,10573,11834,11883,70,0,0,255
52374,12472,20297,12481,10689,10575,11837,11883,70,0,0,255
52874,12478,20327,12483,10693,10580,11834,11882,70,0,0,255
53374,12477,20321,12486,10698,10583,11836,11882,70,0,0,255
53874,12484,20342,12488,10703,10588,11835,11886,70,0,0,255
54374,12485,20346,12492,10705,10590,11836,11884,70,0,0,255
54874,12486,20357,12496,10707,10599,11836,11886,70,0,0,255
55374,12490,20361,12495,10712,10599,11838,11885,70,0,0,255
55874,12492,20362,12497,10714,10600,11837,11885,70,0,0,255
56374,12495,20359,12498,10722,10603,11838,11886,70,0,0,255
56874,12497,20391,12504,10723,10613,11835,11888,70,0,0,255
57374,12503,20400,12503,10728,10612,11838,11886,70,0,0,255
57874,12501,20404,12508,10729,10615,11838,11887,70,0,0,255
58374,12502,20424,12509,10735,10623,11838,11887,70,0,0,255
58874,12506,20396,12510,10742,10622,11839,11885,70,0,0,255
59374,12505,20427,12516,10747,10629,11841,11889,70,0,0,255
59874,12508,20449,12517,10748,10631,11840,11889,70,0,0,255
60374,12514,20434,12517,10751,10633,11841,11889,70,0,0,255
60874,12515,20423,12525,10756,10638,11840,11889,70,0,0,255
61374,12517,20410,12525,10757,10644,11840,11890,70,0,0,255
61874,12521,20430,12524,10761,10647,11841,11889,70,0,0,255
62374,12522,20500,12532,10766,10651,11842,11890,70,0,0,255
62874,12522,20486,12531,10768,10653,11841,11890,70,0,0,255
63374,12527,20459,12531,10769,10662,11843,11889,70,0,0,255
63874,12527,20522,12534,10777,10662,11843,11892,70,0,0,255
64374,12537,20497,12540,10781,10664,11845,11890,70,0,0,255
64874,12536,20487,12542,10786,10668,11844,11888,70,0,0,255
65374,12537,20506,12543,10789,10674,11843,11890,70,0,0,255
65874,12539,20539,12547,10792,10679,11843,11892,70,0,0,255
66374,12543,20539,12547,10800,10683,11845,11890,70,0,0,255
66874,12540,20544,12547,10802,10685,11843,11890,70,0,0,255
67374,12546,20555,12553,10801,10690,11846,11892,70,0,0,255
67874,12551,20526,12555,10805,10691,11846,11893,70,0,0,255
68374,12548,20546,12559,10812,10697,11846,11893,70,0,0,255
68874,12549,20535,12560,10816,10701,11847,11894,70,0,0,255
69374,12558,20582,12563,10820,10701,11847,11894,70,0,0,255
69874,12556,20626,12564,10823,10704,11848,11893,70,0,0,255
70374,12560,20608,12568,10828,10713,11848,11895,70,0,0,255
70874,12564,20610,12570,10827,10715,11847,11892,70,0,0,255
71374,12559,20621,12572,10833,10721,11849,11897,70,0,0,255
71874,12566,20629,12576,10839,10722,11849,11897,70,0,0,255
72374,12571,20609,12576,10843,10727,11849,11895,70,0,0,255
72874,12567,20645,12578,10850,10732,11849,11895,70,0,0,255
73374,12573,20631,12585,10853,10732,11849,11897,70,0,0,255
73874,12573,20672,12585,10855,10740,11851,11895,70,0,0,255
74374,12578,20644,12584,10858,10738,11850,11898,70,0,0,255
74874,12577,20710,12589,10860,10747,11851,11898,70,0,0,255
75374,12579,20673,12594,10863,10750,11851,11900,70,0,0,255
75874,12581,20687,12595,10871,10752,11853,11899,70,0,0,255
76374,12582,20722,12598,10876,10756,11852,11897,70,0,0,255
76874,12586,20705,12597,10877,10757,11852,11899,70,0,0,255
77374,12590,20716,12603,10880,10764,11853,11899,70,0,0,255
77874,12586,20700,12602,10886,10767,11855,11901,70,0,0,255
78374,12597,20720,12607,10890,10769,11855,11901,70,0,0,255
78874,12597,20711,12608,10891,10772,11856,11901,70,0,0,255
79374,12595,20746,12612,10897,10781,11855,11900,70,0,0,255
79874,12601,20755,12616,10898,10782,11856,11901,70,0,0,255
80374,12605,20763,12612,10904,10786,11856,11901,70,0,0,255
80874,12603,20740,12617,10908,10791,11857,11902,70,0,0,255
81374,12602,20763,12620,10912,10794,11859,11902,70,0,0,255
81874,12611,20782,12625,10913,10796,11858,11902,70,0,0,255
82374,12615,20789,12626,10921,10805,11859,11903,70,0,0,255
82874,12616,20813,12628,10923,10806,11858,11906,70,0,0,255
83374,12617,20840,12633,10927,10809,11860,11904,70,0,0,255
83874,12619,20805,12632,10933,10814,11859,11906,70,0,0,255
84374,12621,20849,12636,10936,10820,11860,11906,70,0,0,255
84874,12621,20818,12636,10939,10819,11859,11906,70,0,0,255
85374,12626,20861,12638,10941,10825,11861,11905,70,0,0,255
85874,12632,20852,12642,10944,10832,11860,11909,70,0,0,255
86374,12632,20862,12645,10949,10831,11861,11905,70,0,0,255
86874,12633,20865,12647,10954,10834,11859,11904,70,0,0,255
87374,12640,20860,12648,10958,10838,11861,11907,70,0,0,255
87874,12635,20870,12655,10959,10844,11861,11909,70,0,0,255
88374,12640,20883,12655,10967,10848,11862,11909,70,0,0,255
88874,12639,20873,12657,10970,10853,11862,11909,70,0,0,255
89374,12643,20862,12658,10975,10853,11866,11909,70,0,0,255
89874,12641,20900,12661,10978,10858,11865,11911,70,0,0,255
90374,12646,20901,12665,10980,10861,11865,11910,70,0,0,255
90874,12653,20941,12668,10984,10864,11866,11910,70,0,0,255
91374,12651,20927,12669,10991,10869,11867,11911,70,0,0,255
91874,12655,20900,12670,10991,10873,11865,11912,70,0,0,255
92374,12659,20969,12669,10998,10876,11868,11913,70,0,0,255
92874,12658,20943,12675,10999,10877,11869,11911,70,0,0,255
93374,12661,20954,12678,11006,10883,11870,11913,70,0,0,255
93874,12662,21000,12680,11003,10888,11869,11913,70,0,0,255
94374,12664,20984,12684,11012,10890,11872,11913,70,0,0,255
94874,12669,20979,12687,11014,10898,11870,11914,70,0,0,255
95374,12667,20975,12686,11014,10900,11870,11915,70,0,0,255
95874,12671,21004,12691,11025,10903,11871,11913,70,0,0,255
96374,12673,21009,12692,11029,10910,11872,11917,70,0,0,255
96874,12677,21026,12692,11031,10908,11872,11916,70,0,0,255
97374,12680,21034,12700,11035,10914,11873,11919,70,0,0,255
97874,12680,21023,12700,11038,10916,11872,11920,70,0,0,255
98374,12684,21045,12700,11041,10920,11872,11917,70,0,0,255
98874,12687,21035,12708,11047,10927,11873,11918,70,0,0,255
99374,12684,21054,12707,11047,10929,11875,11919,70,0,0,255
99874,12694,21038,12707,11052,10933,11875,11920,70,0,0,255
100374,12694,21071,12710,11058,10937,11874,11922,70,0,0,255
100874,12693,21094,12719,11063,10938,11875,11920,70,0,0,255
101374,12693,21085,12716,11064,10944,11875,11921,70,0,0,255
101874,12697,21099,12719,11071,10947,11876,11920,70,0,0,255
102374,12701,21090,12721,11073,10951,11876,11923,70,0,0,255
102874,12702,21101,12725,11075,10955,11879,11923,70,0,0,255
103374,12708,21110,12729,11084,10965,11878,11923,70,0,0,255
103874,12709,21111,12730,11080,10963,11878,11923,70,0,0,255
104374,12714,21114,12729,11087,10966,11879,11924,70,0,0,255
104874,12712,21132,12734,11090,10969,11880,11923,70,0,0,255
105374,12713,21163,12739,11095,10975,11881,11924,70,0,0,255
105874,12713,21165,12736,11099,10977,11881,11925,70,0,0,255
106374,12718,21186,12745,11100,10980,11881,11924,70,0,0,255
106874,12723,21180,12742,11107,10987,11882,11926,70,0,0,255
107374,12725,21202,12743,11113,10988,11883,11929,70,0,0,255
107874,12724,21181,12747,11115,10993,11882,11926,70,0,0,255
108374,12725,21212,12751,11118,10999,11883,11927,70,0,0,255
108874,12731,21224,12751,11118,10998,11885,11926,70,0,0,255
109374,12733,21210,12753,11126,11001,11886,11929,70,0,0,255
109874,12735,21229,12758,11129,11006,11885,11930,70,0,0,255
110374,12740,21211,12758,11135,11010,11887,11931,70,0,0,255
110874,12740,21235,12762,11139,11012,11887,11931,70,0,0,255
111374,12741,21236,12764,11141,11017,11887,11931,70,0,0,255
111874,12743,21235,12765,11142,11023,11889,11931,70,0,0,255
112374,12749,21262,12769,11145,11024,11888,11933,70,0,0,255
112874,12748,21271,12772,11154,11031,11889,11932,70,0,0,255
113374,12747,21295,12771,11154,11032,11890,11932,70,0,0,255
113874,12757,21300,12773,11158,11035,11891,11935,70,0,0,255
114374,12752,21293,12778,11162,11041,11891,11935,70,0,0,255
114874,12757,21311,12778,11165,11043,11891,11935,70,0,0,255
115374,12757,21301,12782,11170,11046,11893,11935,70,0,0,255
115874,12760,21317,12784,11174,11049,11893,11935,70,0,0,255
116374,12763,21318,12786,11176,11051,11893,11937,70,0,0,255
116874,12763,21334,12792,11182,11054,11893,11936,70,0,0,255
117374,12765,21317,12791,11185,11063,11894,11938,70,0,0,255
117874,12771,21337,12795,11187,11065,11894,11938,70,0,0,255
118374,12770,21390,12795,11195,11066,11894,11937,70,0,0,255
118874,12773,21362,12799,11193,11073,11896,11939,70,0,0,255
119374,12775,21395,12802,11201,11075,11893,11939,70,0,0,255
119874,12779,21389,12802,11202,11078,11899,11940,70,0,0,255
120374,12777,21390,12805,11207,11086,11898,11940,70,0,0,255
120874,12779,21386,12805,11209,11085,11897,11942,70,0,0,255
121374,12786,21393,12810,11214,11089,11898,11940,70,0,0,255
121874,12786,21438,12813,11215,11098,11900,11941,70,0,0,255
122374,12790,21434,12812,11224,11097,11899,11942,70,0,0,255
122874,12796,21434,12816,11226,11103,11901,11941,70,0,0,255
123374,12790,21420,12820,11226,11106,11901,11944,70,0,0,255
123874,12797,21447,12821,11230,11108,11901,11942,70,0,0,255
124374,12798,21432,12830,11235,11113,11902,11944,70,0,0,255
124874,12800,21459,12823,11237,11116,11902,11945,70,0,0,255
125374,12804,21483,12830,11242,11118,11904,11947,70,0,0,255
125874,12807,21478,12835,11247,11120,11903,11946,70,0,0,255
126374,12809,21484,12834,11247,11126,11904,11947,70,0,0,255
126874,12812,21502,12832,11253,11130,11904,11947,70,0,0,255
127374,12812,21497,12839,11260,11130,11906,11948,70,0,0,255
127874,12812,21501,12840,11263,11134,11907,11949,70,0,0,255
128374,12815,21478,12841,11260,11141,11907,11951,70,0,0,255
128874,12819,21529,12844,11267,11142,11907,11950,70,0,0,255
129374,12820,21560,12845,11270,11143,11906,11949,70,0,0,255
129874,12823,21545,12849,11273,11150,11907,11952,70,0,0,255
130374,12824,21544,12854,11282,11152,11909,11953,70,0,0,255
130874,12833,21544,12853,11282,11158,11911,11951,70,0,0,255
302,12830,21557,12856,11286,11164,11909,11952,70,0,0,255
802,12834,21544,12857,11290,11162,11911,11954,70,0,0,255
1302,12835,21566,12863,11293,11166,11910,11955,70,0,0,255
1802,12834,21600,12864,11296,11171,11912,11954,70,0,0,255
2302,12840,21574,12865,11302,11174,11913,11955,70,0,0,255
2802,12842,21593,12866,11304,11179,11914,11956,70,0,0,255
3302,12845,21596,12870,11309,11181,11914,11957,70,0,0,255
3802,12847,21617,12874,11309,11185,11914,11958,70,0,0,255
4302,12848,21628,12877,11311,11191,11913,11959,70,0,0,255
4802,12846,21624,12880,11317,11197,11915,11961,70,0,0,255
5302,12849,21658,12876,11323,11195,11916,11961,70,0,0,255
5802,12852,21662,12886,11325,11199,11916,11959,70,0,0,255
6302,12855,21664,12886,11334,11204,11917,11961,70,0,0,255
6802,12860,21661,12888,11335,11206,11917,11962,70,0,0,255
7302,12861,21664,12887,11335,11208,11916,11962,70,0,0,255
7802,12864,21644,12891,11339,11214,11918,11964,70,0,0,255
8302,12866,21684,12896,11341,11218,11919,11962,70,0,0,255
8802,12868,21667,12895,11344,11219,11920,11964,70,0,0,255
9302,12873,21703,12900,11348,11223,11921,11966,70,0,0,255
9802,12873,21729,12905,11353,11229,11921,11965,70,0,0,255
10302,12878,21697,12905,11358,11232,11921,11966,70,0,0,255
10802,12875,21720,12907,11359,11233,11921,11967,70,0,0,255
11302,12876,21697,12910,11362,11237,11922,11966,70,0,0,255
11802,12877,21737,12911,11367,11241,11923,11967,70,0,0,255
12302,12882,21745,12912,11372,11246,11926,11968,70,0,0,255
12802,12882,21741,12916,11374,11245,11924,11971,70,0,0,255
13302,12884,21772,12919,11376,11249,11927,11968,70,0,0,255
13802,12885,21797,12921,11382,11255,11926,11968,70,0,0,255
14302,12889,21789,12923,11383,11260,11926,11971,70,0,0,255
14802,12894,21769,12925,11389,11263,11928,11971,70,0,0,255
15302,12895,21804,12926,11389,11264,11927,11973,70,0,0,255
15802,12903,21805,12930,11397,11267,11929,11972,70,0,0,255
16302,12903,21797,12933,11401,11274,11930,11975,70,0,0,255
16802,12908,21838,12935,11403,11275,11929,11972,70,0,0,255
17302,12905,21846,12938,11409,11278,11932,11973,70,0,0,255
17802,12908,21838,12938,11407,11285,11932,11975,70,0,0,255
18302,12911,21840,12940,11411,11285,11932,11977,70,0,0,255
18802,12912,21844,12941,11416,11293,11932,11972,70,0,0,255
19302,12916,21860,12946,11422,11294,11935,11977,70,0,0,255
19802,12913,21879,12949,11423,11297,11935,11979,70,0,0,255
20302,12921,21844,12952,11424,11299,11936,11978,70,0,0,255
20802,12921,21887,12954,11431,11307,11935,11979,70,0,0,255
21302,12927,21881,12955,11435,11307,11934,11978,70,0,0,255
21802,12926,21894,12961,11438,11310,11938,11981,70,0,0,255
22302,12926,21923,12958,11442,11314,11938,11980,70,0,0,255
22802,12928,21910,12964,11442,11316,11938,11983,70,0,0,255
23302,12933,21919,12967,11446,11319,11938,11981,70,0,0,255
23802,12935,21914,12969,11453,11325,11939,11984,70,0,0,255
24302,12934,21949,12967,11456,11329,11939,11981,70,0,0,255
24802,12941,21945,12971,11461,11332,11941,11984,70,0,0,255
25302,12945,21949,12975,11465,11333,11941,11986,70,0,0,255
25802,12941,21968,12975,11466,11339,11942,11985,70,0,0,255
26302,12945,21970,12981,11468,11343,11942,11986,70,0,0,255
26802,12945,21988,12980,11471,11344,11943,11985,70,0,0,255
27302,12949,21965,12982,11474,11350,11943,11986,70,0,0,255
27802,12955,22005,12990,11474,11350,11944,11989,70,0,0,255
28302,12954,22009,12988,11480,11354,11945,11990,70,0,0,255
28802,12957,21994,12993,11486,11357,11946,11990,70,0,0,255
29302,12956,22001,12992,11490,11362,11947,11991,70,0,0,255
29802,12961,22046,12994,11494,11367,11946,11991,70,0,0,255
30302,12967,22005,12996,11496,11369,11948,11991,70,0,0,255
30802,12970,22034,12998,11501,11372,11948,11993,70,0,0,255
31302,12973,22043,12999,11502,11375,11951,11993,70,0,0,255
31802,12970,22050,13004,11504,11375,11949,11994,70,0,0,255
32302,12973,22066,13011,11511,11383,11952,11995,70,0,0,255
32802,12977,22077,13011,11513,11384,11950,11995,70,0,0,255
33302,12975,22083,13014,11517,11387,11951,11996,70,0,0,255
33802,12976,22078,13015,11520,11392,11952,11996,70,0,0,255
34302,12985,22081,13018,11527,11393,11952,11997,70,0,0,255
34802,12987,22095,13017,11527,11396,11955,11996,70,0,0,255
35302,12986,22078,13021,11532,11403,11955,11993,70,0,0,255
35802,12990,22104,13024,11534,11403,11955,11999,70,0,0,255
36302,12995,22130,13026,11536,11407,11954,11999,70,0,0,255
36802,12990,22149,13033,11542,11409,11958,12001,70,0,0,255
37302,12995,22146,13034,11539,11416,11959,12002,70,0,0,255
37802,12995,22137,13034,11547,11418,11960,12002,70,0,0,255
38302,13004,22139,13040,11551,11420,11959,12003,70,0,0,255
38802,13001,22174,13039,11554,11426,11960,12001,70,0,0,255
39302,13002,22165,13042,11557,11428,11959,12004,70,0,0,255
39802,13004,22158,13045,11562,11430,11961,12002,70,0,0,255
40302,13008,22190,13046,11565,11435,11963,12004,70,0,0,255
40802,13008,22212,13046,11568,11439,11962,12006,70,0,0,255
41302,13017,22212,13055,11570,11441,11963,12007,70,0,0,255
41802,13016,22187,13053,11573,11446,11964,12008,70,0,0,255
42302,13019,22213,13056,11580,11452,11964,12008,70,0,0,255
42802,13018,22223,13060,11581,11451,11964,12009,70,0,0,255
43302,13025,22235,13062,11580,11457,11966,12009,70,0,0,255
43802,13024,22228,13061,11588,11458,11966,12011,70,0,0,255
44302,13024,22248,13069,11592,11460,11968,12012,70,0,0,255
44802,13026,22266,13067,11598,11467,11968,12011,70,0,0,255
45302,13034,22264,13068,11596,11473,11969,12012,70,0,0,255
45802,13031,22276,13073,11601,11471,11969,12011,70,0,0,255
46302,13037,22284,13074,11607,11475,11969,12012,70,0,0,255
46802,13041,22270,13079,11612,11483,11970,12012,70,0,0,255
47302,13045,22297,13082,11609,11482,11971,12014,70,0,0,255
47802,13042,22301,13083,11618,11488,11972,12013,70,0,0,255
48302,13049,22281,13086,11619,11494,11972,12015,70,0,0,255
48802,13045,22326,13089,11624,11495,11972,12016,70,0,0,255
49302,13047,22331,13089,11626,11498,11973,12017,70,0,0,255
49802,13047,22363,13091,11631,11495,11973,12019,70,0,0,255
50302,13051,22356,13095,11634,11502,11976,12019,70,0,0,255
50802,13058,22334,13097,11637,11505,11975,12018,70,0,0,255
51302,13056,22358,13100,11639,11508,11978,12020,70,0,0,255
51802,13062,22368,13104,11644,11512,11978,12021,70,0,0,255
52302,13062,22412,13101,11642,11514,11976,12018,70,0,0,255
52802,13063,22393,13106,11650,11517,11978,12021,70,0,0,255
53302,13062,22360,13109,11656,11519,11980,12023,70,0,0,255
53802,13067,22410,13110,11656,11526,11980,12022,70,0,0,255
54302,13071,22413,13112,11662,11527,11981,12022,70,0,0,255
54802,13075,22427,13120,11663,11532,11983,12024,70,0,0,255
55302,13076,22422,13123,11668,11534,11982,12024,70,0,0,255
55802,13077,22449,13119,11670,11538,11983,12026,70,0,0,255
56302,13082,22430,13121,11673,11544,11984,12027,70,0,0,255
56802,13089,22434,13124,11676,11544,11984,12025,70,0,0,255
57302,13084,22458,13126,11680,11548,11984,12027,70,0,0,255
57802,13087,22477,13127,11680,11551,11988,12030,70,0,0,255
58302,13090,22450,13133,11688,11557,11988,12030,70,0,0,255
58802,13092,22465,13134,11687,11558,11986,12032,70,0,0,255
59302,13097,22486,13142,11693,11559,11988,12031,70,0,0,255
59802,13094,22499,13140,11695,11566,11987,12031,70,0,0,255
60302,13098,22509,13144,11701,11569,11989,12033,70,0,0,255
60802,13107,22496,13145,11702,11574,11988,12032,70,0,0,255
61302,13105,22517,13145,11707,11575,11990,12034,70,0,0,255
61802,13109,22541,13150,11710,11577,11993,12035,70,0,0,255
62302,13113,22534,13154,11712,11580,11994,12033,70,0,0,255
62802,13108,22567,13152,11715,11586,11995,12037,70,0,0,255
63302,13110,22566,13154,11716,11588,11992,12036,70,0,0,255
63802,13115,22560,13156,11724,11589,11993,12036,70,0,0,255
64302,13117,22572,13161,11725,11595,11994,12039,70,0,0,255
64802,13116,22583,13159,11728,11600,11997,12038,70,0,0,255
65302,13124,22579,13159,11732,11598,11997,12041,70,0,0,255
65802,13123,22603,13168,11733,11606,11997,12040,70,0,0,255
66302,13129,22588,13171,11737,11608,11999,12041,70,0,0,255
66802,13133,22581,13172,11743,11612,12000,12043,70,0,0,255
67302,13135,22580,13176,11745,11615,12000,12044,70,0,0,255
67802,13128,22626,13175,11750,11617,11999,12041,70,0,0,255
68302,13131,22622,13178,11751,11620,12000,12043,70,0,0,255
68802,13133,22610,13184,11755,11626,12001,12045,70,0,0,255
69302,13135,22600,13181,11763,11627,12002,12047,70,0,0,255
69802,13137,22666,13185,11761,11628,12003,12046,70,0,0,255
70302,13139,22667,13187,11765,11634,12003,12048,70,0,0,255
70802,13151,22632,13190,11770,11640,12004,12049,70,0,0,255
71302,13144,22690,13196,11773,11639,12004,12048,70,0,0,255
71802,13150,22691,13192,11776,11645,12004,12050,70,0,0,255
72302,13150,22677,13199,11776,11646,12006,12050,70,0,0,255
72802,13156,22695,13198,11782,11648,12008,12052,70,0,0,255
73302,13154,22709,13204,11783,11650,12006,12052,70,0,0,255
73802,13159,22711,13202,11789,11658,12008,12052,70,0,0,255
74302,13163,22698,13206,11791,11658,12010,12051,70,0,0,255
74802,13156,22699,13211,11794,11663,12011,12053,70,0,0,255
75302,13160,22752,13210,11800,11665,12011,12055,70,0,0,255
75802,13162,22736,13218,11799,11669,12011,12055,70,0,0,255
76302,13168,22743,13215,11804,11670,12012,12057,70,0,0,255
76802,13172,22742,13219,11806,11680,12012,12056,70,0,0,255
77302,13169,22775,13220,11812,11677,12014,12058,70,0,0,255
77802,13178,22795,13224,11809,11681,12013,12056,70,0,0,255
78302,13173,22755,13225,11818,11684,12015,12059,70,0,0,255
78802,13179,22767,13230,11819,11684,12016,12059,70,0,0,255
79302,13179,22798,13232,11821,11688,12017,12061,70,0,0,255
79802,13187,22783,13233,11826,11692,12016,12059,70,0,0,255
80302,13186,22818,13233,11829,11695,12017,12062,70,0,0,255
80802,13193,22825,13236,11832,11698,12018,12064,70,0,0,255
81302,13182,22846,13239,11834,11701,12018,12061,70,0,0,255
81802,13192,22826,13240,11837,11705,12020,12064,70,0,0,255
82302,13196,22807,13245,11841,11709,12021,12065,70,0,0,255
82802,13195,22826,13246,11844,11710,12023,12067,70,0,0,255
83302,13201,22849,13248,11850,11719,12023,12067,70,0,0,255
83802,13206,22852,13252,11852,11717,12024,12067,70,0,0,255
84302,13205,22871,13255,11855,11720,12025,12069,70,0,0,255
84802,13206,22875,13253,11860,11727,12024,12070,70,0,0,255
85302,13205,22876,13262,11863,11729,12026,12071,70,0,0,255
85802,13209,22885,13261,11863,11730,12026,12071,70,0,0,255
86302,13217,22905,13262,11866,11737,12026,12071,70,0,0,255
86802,13217,22902,13267,11871,11738,12027,12070,70,0,0,255
87302,13217,22908,13267,11874,11739,12028,12074,70,0,0,255
87802,13225,22900,13267,11879,11744,12029,12075,70,0,0,255
88302,13221,22959,13271,11879,11747,12031,12073,70,0,0,255
88802,13222,22952,13277,11888,11750,12032,12074,70,0,0,255
89302,13231,22959,13274,11887,11752,12032,12075,70,0,0,255
89802,13230,22960,13279,11891,11758,12033,12076,70,0,0,255
90302,13230,22968,13284,11890,11759,12032,12078,70,0,0,255
90802,13236,22966,13286,11896,11761,12033,12080,70,0,0,255
91302,13236,22987,13288,11900,11768,12034,12081,70,0,0,255
91802,13237,22977,13291,11902,11769,12036,12079,70,0,0,255
92302,13236,22992,13294,11907,11772,12036,12080,70,0,0,255
92802,13242,22983,13292,11915,11778,12036,12082,70,0,0,255
93302,13241,23018,13298,11916,11781,12036,12081,70,0,0,255
93802,13248,23053,13294,11918,11779,12039,12082,70,0,0,255
94302,13254,23031,13298,11922,11786,12037,12082,70,0,0,255
94802,13253,23046,13305,11918,11787,12040,12086,70,0,0,255
95302,13254,23057,13302,11924,11791,12041,12087,70,0,0,255
95802,13256,23055,13307,11926,11798,12040,12087,70,0,0,255
96302,13260,23068,13314,11931,11796,12040,12089,70,0,0,255
96802,13262,23080,13313,11936,11797,12042,12087,70,0,0,255
97302,13263,23077,13312,11937,11800,12044,12088,70,0,0,255
97802,13268,23059,13319,11940,11806,12045,12089,70,0,0,255
98302,13270,23075,13319,11946,11808,12044,12093,70,0,0,255
98802,13269,23114,13322,11946,11810,12047,12089,70,0,0,255
99302,13274,23095,13322,11947,11814,12047,12093,70,0,0,255
99802,13272,23099,13324,11956,11819,12047,12092,70,0,0,255
100302,13275,23109,13328,11958,11819,12047,12092,70,0,0,255
100802,13277,23123,13332,11959,11823,12050,12093,70,0,0,255
101302,13285,23132,13334,11963,11827,12050,12096,70,0,0,255
101802,13277,23155,13332,11969,11829,12049,12093,70,0,0,255
102302,13280,23150,13337,11969,11834,12051,12096,70,0,0,255
102802,13286,23180,13338,11974,11838,12051,12097,70,0,0,255
103302,13292,23152,13342,11975,11837,12051,12098,70,0,0,255
103802,13290,23174,13346,11980,11848,12053,12099,70,0,0,255
104302,13298,23208,13346,11984,11845,12053,12100,70,0,0,255
104802,13295,23196,13345,11986,11849,12055,12101,70,0,0,255
105302,13297,23182,13354,11985,11853,12056,12102,70,0,0,255
105802,13296,23210,13353,11993,11853,12056,12101,70,0,0,255
106302,13300,23222,13356,11997,11855,12056,12101,70,0,0,255
106802,13304,23220,13360,11998,11862,12057,12103,70,0,0,255
107302,13305,23217,13361,12002,11867,12057,12102,70,0,0,255
107802,13304,23272,13360,12004,11869,12060,12107,70,0,0,255
108302,13304,23264,13365,12005,11867,12059,12106,70,0,0,255
108802,13313,23229,13366,12010,11877,12060,12105,70,0,0,255
109302,13315,23254,13368,12012,11876,12060,12106,70,0,0,255
109802,13313,23295,13372,12015,11877,12063,12109,70,0,0,255
110302,13312,23280,13372,12021,11885,12064,12110,70,0,0,255
110802,13311,23287,13375,12022,11888,12065,12108,70,0,0,255
111302,13312,23288,13379,12027,11888,12064,12111,70,0,0,255
111802,13309,23301,13378,12029,11891,12066,12111,70,0,0,255
112302,13311,23314,13379,12031,11897,12065,12111,70,0,0,255
112802,13312,23291,13387,12032,11896,12067,12114,70,0,0,255
113302,13312,23299,13382,12038,11902,12067,12115,70,0,0,255
113802,13313,23303,13383,12041,11908,12067,12116,70,0,0,255
114302,13312,23315,13388,12043,11909,12067,12117,70,0,0,255
114802,13315,23323,13390,12043,11910,12070,12114,70,0,0,255
115302,13311,23322,13389,12051,11912,12071,12116,70,0,0,255
115802,13310,23327,13394,12051,11912,12070,12114,70,0,0,255
116302,13314,23352,13393,12059,11918,12072,12117,70,0,0,255
116802,13315,23357,13394,12057,11920,12073,12116,70,0,0,255
117302,13315,23348,13394,12059,11925,12073,12119,70,0,0,255
117802,13318,23331,13398,12060,11927,12074,12118,70,0,0,255
118302,13316,23329,13399,12070,11929,12076,12120,70,0,0,255
118802,13311,23369,13397,12072,11935,12074,12122,70,0,0,255
119302,13324,23362,13400,12075,11933,12076,12123,70,0,0,255
119802,13317,23389,13398,12079,11937,12077,12126,70,0,0,255
120302,13314,23376,13398,12084,11943,12079,12125,70,0,0,255
120802,13315,23374,13405,12090,11943,12081,12124,70,0,0,255
121302,13319,23360,13406,12088,11946,12081,12125,70,0,0,255
121802,13319,23381,13404,12086,11950,12083,12129,70,0,0,255
122302,13317,23371,13408,12088,11959,12083,12127,70,70,0,255
122802,13319,23401,13405,12096,11956,12082,12128,70,70,0,255
123302,13313,23377,13408,12097,11957,12086,12129,70,70,0,255
123802,13315,23388,13406,12105,11963,12086,12130,70,70,0,255
124302,13326,23376,13400,12112,11968,12085,12132,70,70,0,255
124802,13316,23353,13391,12128,11992,12088,12135,70,70,0,255
125302,13315,23272,13382,12147,12012,12090,12134,70,70,0,255
125802,13319,23246,13371,12184,12036,12090,12135,70,70,0,255
126302,13303,23221,13355,12197,12061,12094,12135,70,70,0,255
126802,13306,23206,13345,12242,12091,12092,12134,70,70,0,255
127302,13301,23125,13331,12266,12118,12092,12141,70,70,0,255
127802,13300,23122,13323,12290,12148,12094,12139,70,70,0,255
128302,13296,23063,13312,12319,12172,12095,12143,70,70,0,255
128802,13287,23049,13303,12340,12195,12097,12146,70,70,0,255
129302,13283,22999,13290,12371,12220,12098,12138,70,70,0,255
129802,13284,22996,13284,12398,12248,12101,12143,70,70,0,255
130302,13279,22955,13272,12415,12270,12099,12146,70,70,0,255
130802,13268,22911,13264,12439,12296,12101,12142,70,70,0,255
230,13265,22885,13256,12467,12313,12103,12147,70,70,0,255
730,13257,22848,13249,12479,12337,12106,12147,70,70,0,255
1230,13248,22831,13243,12509,12361,12108,12150,70,70,0,255
1730,13239,22799,13236,12526,12381,12107,12151,70,70,0,255
2230,13236,22787,13227,12548,12400,12108,12153,70,70,0,255
2730,13234,22765,13222,12568,12420,12110,12156,70,70,0,255
3230,13231,22750,13213,12590,12438,12109,12157,70,70,0,255
3730,13223,22735,13213,12604,12459,12111,12156,70,70,0,255
4230,13217,22689,13210,12625,12479,12115,12158,70,70,0,255
4730,13215,22679,13203,12642,12493,12114,12162,70,70,0,255
5230,13199,22675,13195,12657,12512,12117,12161,70,70,0,255
5730,13194,22679,13189,12675,12529,12117,12162,70,70,0,255
6230,13190,22613,13190,12691,12545,12118,12164,70,70,0,255
6730,13179,22635,13182,12704,12558,12119,12165,70,70,0,255
7230,13182,22624,13183,12726,12578,12122,12162,70,70,0,255
7730,13168,22614,13176,12742,12593,12123,12166,70,70,0,255
8230,13168,22596,13172,12753,12605,12124,12171,70,70,0,255
8730,13163,22593,13172,12769,12622,12126,12171,70,70,0,255
9230,13160,22601,13167,12780,12632,12126,12171,70,70,0,255
9730,13156,22537,13166,12789,12642,12129,12174,70,70,0,255
10230,13157,22566,13160,12809,12654,12130,12174,70,70,0,255
10730,13143,22568,13163,12816,12667,12132,12174,70,70,0,255
11230,13148,22536,13159,12824,12679,12133,12176,70,70,0,255
11730,13140,22551,13157,12840,12690,12133,12178,70,70,0,255
12230,13150,22544,13161,12853,12699,12136,12180,70,70,0,255
12730,13135,22510,13154,12855,12709,12136,12180,70,70,0,255
13230,13133,22532,13154,12871,12718,12139,12184,70,70,0,255
13730,13132,22547,13152,12881,12730,12141,12183,70,70,0,255
14230,13127,22515,13151,12888,12734,12142,12184,70,70,0,255
14730,13129,22535,13153,12891,12744,12142,12187,70,70,0,255
15230,13126,22497,13150,12905,12751,12145,12189,70,70,0,255
15730,13132,22517,13152,12909,12761,12145,12191,70,70,0,255
16230,13125,22544,13153,12918,12768,12149,12191,70,70,0,255
16730,13122,22599,13152,12924,12772,12148,12192,70,70,0,255
17230,13122,22531,13151,12931,12781,12151,12196,70,70,0,255
17730,13122,22534,13153,12937,12786,12152,12196,70,70,0,255
18230,13120,22564,13157,12945,12792,12152,12196,70,70,0,255
18730,13119,22551,13159,12952,12803,12153,12198,70,70,0,255
19230,13121,22542,13158,12956,12806,12156,12201,70,70,0,255
19730,13118,22565,13160,12963,12806,12156,12200,70,70,0,255
20230,13118,22556,13161,12966,12816,12158,12200,70,70,0,255
20730,13116,22569,13159,12972,12819,12161,12205,70,70,0,255
21230,13113,22566,13162,12973,12822,12162,12208,70,70,0,255
21730,13120,22567,13161,12980,12826,12164,12208,70,70,0,255
22230,13124,22557,13164,12985,12833,12166,12210,70,70,0,255
22730,13120,22569,13166,12984,12834,12167,12212,70,70,0,255
23230,13122,22581,13168,12994,12836,12168,12214,70,70,0,255
23730,13124,22623,13169,12993,12843,12169,12214,70,70,0,255
24230,13121,22643,13176,12993,12846,12170,12215,70,70,0,255
24730,13127,22612,13173,13000,12849,12172,12216,70,70,0,255
25230,13139,22583,13180,13004,12848,12174,12216,70,70,0,255
25730,13126,22600,13176,13007,12859,12176,12217,70,70,0,255
26230,13132,22641,13180,13010,12854,12175,12221,70,70,0,255
26730,13132,22639,13184,13010,12859,12179,12225,70,70,0,255
27230,13138,22665,13184,13013,12864,12179,12225,70,70,0,255
27730,13136,22656,13183,13022,12865,12180,12223,70,70,0,255
28230,13141,22649,13195,13018,12871,12181,12226,70,70,0,255
28730,13142,22684,13192,13023,12873,12183,12228,70,70,0,255
29230,13138,22662,13192,13023,12872,12185,12234,70,70,0,255
29730,13137,22652,13199,13027,12877,12186,12228,70,70,0,255
30230,13137,22687,13196,13031,12877,12190,12231,70,70,0,255
30730,13149,22710,13199,13034,12880,12189,12233,70,70,0,255
31230,13154,22683,13204,13037,12885,12191,12238,70,70,0,255
31730,13150,22708,13205,13037,12885,12193,12237,70,70,0,255
32230,13153,22709,13207,13036,12888,12194,12240,70,70,0,255
32730,13150,22717,13208,13041,12890,12195,12241,70,70,0,255
33230,13156,22721,13210,13046,12892,12197,12241,70,70,0,255
33730,13152,22742,13212,13042,12891,12200,12243,70,70,0,255
34230,13161,22748,13216,13049,12899,12198,12247,70,70,0,255
34730,13160,22755,13217,13056,12902,12202,12247,70,70,0,255
35230,13163,22747,13219,13054,12902,12203,12249,70,70,0,255
35730,13165,22778,13222,13056,12904,12205,12249,70,70,0,255
36230,13172,22803,13224,13061,12908,12206,12249,70,70,0,255
36730,13175,22815,13225,13065,12909,12208,12253,70,70,0,255
37230,13171,22819,13229,13063,12911,12211,12253,70,70,0,255
37730,13176,22796,13231,13069,12912,12211,12253,70,70,0,255
38230,13176,22805,13232,13069,12915,12211,12258,70,70,0,255
38730,13177,22833,13234,13070,12917,12212,12259,70,70,0,255
39230,13182,22816,13237,13078,12917,12217,12257,70,70,0,255
39730,13181,22841,13238,13075,12922,12214,12262,70,70,0,255
40230,13185,22865,13243,13074,12924,12218,12260,70,70,0,255
40730,13175,22826,13244,13077,12923,12219,12266,70,70,0,255
41230,13181,22865,13246,13080,12927,12221,12268,70,70,0,255
41730,13184,22851,13247,13085,12929,12223,12268,70,70,0,255
42230,13188,22853,13248,13089,12929,12223,12270,70,70,0,255
42730,13188,22884,13249,13090,12935,12226,12273,70,70,0,255
43230,13198,22905,13257,13088,12935,12227,12272,70,70,0,255
43730,13187,22909,13256,13096,12939,12228,12275,70,70,0,255
44230,13195,22880,13260,13094,12940,12230,12272,70,70,0,255
44730,13191,22908,13260,13096,12940,12230,12278,70,70,0,255
45230,13199,22898,13268,13102,12945,12232,12276,70,70,0,255
45730,13195,22922,13269,13102,12946,12231,12278,70,70,0,255
46230,13205,22907,13264,13098,12951,12236,12284,70,70,0,255
46730,13208,22942,13267,13108,12956,12238,12282,70,70,0,255
47230,13210,22939,13269,13109,12956,12238,12284,70,70,0,255
47730,13207,22918,13276,13112,12957,12241,12286,70,70,0,255
48230,13218,22960,13276,13111,12958,12243,12287,70,70,0,255
48730,13211,22964,13277,13112,12961,12244,12288,70,70,0,255
49230,13224,22972,13278,13114,12961,12245,12289,70,70,0,255
49730,13218,22986,13280,13116,12965,12246,12292,70,70,0,255
50230,13214,22990,13286,13117,12968,12249,12294,70,70,0,255
50730,13216,22963,13286,13121,12967,12250,12297,70,70,0,255
51230,13218,22989,13288,13122,12971,12252,12299,70,70,0,255
51730,13211,23000,13293,13121,12970,12252,12296,70,70,0,255
52230,13213,23009,13292,13130,12976,12255,12300,70,70,0,255
52730,13199,23045,13293,13127,12970,12253,12302,70,70,0,255
53230,13193,23000,13290,13133,12973,12258,12306,70,70,0,255
53730,13186,23005,13292,13131,12985,12259,12305,70,70,0,255
54230,13190,23002,13294,13137,12979,12261,12307,70,70,0,255
54730,13187,23028,13293,13141,12981,12259,12306,70,70,0,255
55230,13195,22979,13293,13139,12986,12264,12306,70,70,0,255
55730,13204,23022,13291,13136,12987,12266,12312,70,70,0,255
56230,13196,23019,13297,13140,12984,12267,12314,70,70,0,255
56730,13206,23044,13294,13139,12987,12269,12313,70,70,0,255
57230,13205,23036,13298,13142,12986,12271,12315,70,70,0,255
57730,13213,23033,13300,13144,12990,12273,12316,70,70,0,255
58230,13217,23030,13300,13145,12990,12273,12317,70,70,0,255
58730,13224,23045,13303,13145,12996,12275,12321,70,70,0,255
59230,13223,23035,13308,13145,12993,12277,12321,70,70,0,255
59730,13226,23049,13308,13147,12992,12278,12324,70,70,0,255
60230,13229,23067,13308,13154,13000,12278,12326,70,70,0,255
60730,13226,23071,13312,13147,13000,12280,12324,70,70,0,255
61230,13223,23097,13315,13152,12996,12282,12328,70,70,0,255
61730,13231,23056,13316,13154,12998,12283,12328,70,70,0,255
62230,13224,23095,13318,13157,13004,12283,12332,70,70,0,255
62730,13226,23082,13314,13156,13000,12287,12334,70,70,0,255
63230,13222,23138,13317,13162,13003,12287,12334,70,70,0,255
63730,13221,23062,13318,13158,13007,12290,12336,70,70,0,255
64230,13217,23088,13318,13162,13007,12291,12333,70,70,0,255
64730,13220,23078,13319,13161,13008,12293,12338,70,70,0,255
65230,13218,23092,13318,13163,13008,12295,12339,70,70,0,255
65730,13214,23092,13320,13162,13012,12297,12339,70,70,0,255
66230,13224,23095,13324,13170,13010,12297,12344,70,70,0,255
66730,13225,23121,13321,13167,13012,12298,12346,70,70,0,255
67230,13222,23119,13324,13167,13016,12301,12348,70,70,0,255
67730,13237,23133,13325,13168,13012,12305,12349,70,70,0,255
68230,13247,23126,13326,13170,13015,12305,12349,70,70,0,255
68730,13250,23094,13331,13170,13020,12305,12352,70,70,0,255
69230,13250,23124,13334,13171,13014,12305,12353,70,70,0,255
69730,13253,23153,13333,13169,13017,12308,12355,70,70,0,255
70230,13255,23166,13336,13172,13023,12309,12356,70,70,0,255
70730,13254,23169,13334,13178,13019,12313,12359,70,70,0,255
71230,13265,23173,13336,13176,13023,12315,12359,70,70,0,255
71730,13265,23175,13339,13179,13024,12315,12362,70,70,0,255
72230,13260,23126,13345,13178,13025,12317,12365,70,70,0,255
72730,13257,23190,13344,13180,13028,12320,12366,70,70,0,255
73230,13251,23155,13343,13187,13028,12321,12368,70,70,0,255
73730,13242,23192,13345,13188,13029,12323,12368,70,70,0,255
74230,13250,23188,13348,13185,13034,12325,12369,70,70,0,255
74730,13241,23185,13344,13190,13034,12326,12368,70,70,0,255
75230,13240,23172,13348,13192,13033,12326,12372,70,70,0,255
75730,13244,23169,13348,13190,13037,12329,12372,70,70,0,255
76230,13243,23222,13346,13192,13036,12330,12375,70,70,0,255
76730,13241,23188,13356,13193,13040,12332,12377,70,70,75,255
77230,13241,23195,13353,13190,13039,12332,12377,70,70,75,255
77730,13250,23185,13354,13196,13038,12339,12380,70,70,75,255
78230,13258,23179,13353,13178,13026,12317,12382,70,70,75,255
78730,13261,23194,13350,13162,13004,12274,12385,70,70,75,255
79230,13257,23190,13348,13131,12984,12205,12543,70,70,75,255
79730,13262,23171,13346,13102,12959,12120,12769,70,70,75,255
80230,13267,23196,13346,13070,12919,12086,12885,70,70,75,255
80730,13266,23188,13343,13038,12886,12362,12886,70,70,75,255
81230,13264,23140,13342,13003,12848,12690,12881,70,70,75,255
81730,13269,23140,13333,12972,12825,12696,12786,70,70,75,255
82230,13268,23158,13330,12941,12796,12758,13055,70,70,75,255
82730,13242,23091,13329,12911,12761,12691,13145,70,70,75,255
83230,13224,23069,13323,12881,12739,12856,13185,70,70,75,255
83730,13209,23073,13311,12853,12708,13010,13154,70,70,75,255
84230,13200,23036,13304,12825,12680,13092,13200,70,70,75,255
84730,13191,23000,13294,12801,12658,13101,13353,70,70,75,255
85230,13182,22936,13287,12778,12631,13065,13459,70,70,75,255
85730,13183,22925,13282,12756,12606,13256,13481,70,70,75,255
86230,13181,22880,13267,12731,12583,13368,13438,70,70,75,255
86730,13174,22920,13262,12708,12568,13422,13605,70,70,75,255
87230,13168,22837,13256,12684,12543,13368,13692,70,70,75,255
87730,13173,22860,13247,12665,12519,13542,13743,70,70,75,255
88230,13173,22808,13232,12650,12499,13587,13731,70,70,75,255
88730,13163,22781,13230,12626,12481,13647,13837,70,70,75,255
89230,13154,22744,13220,12604,12466,13652,13929,70,70,75,255
89730,13148,22777,13211,12588,12447,13784,13980,70,70,75,255
90230,13140,22692,13202,12567,12428,13867,13984,70,70,75,255
90730,13131,22664,13192,12557,12414,13894,14081,70,70,75,255
91230,13121,22679,13184,12539,12398,13905,14173,70,70,75,255
91730,13117,22595,13182,12523,12380,14013,14208,70,70,75,255
92230,13107,22598,13168,12510,12366,14113,14242,70,70,75,255
92730,13095,22576,13160,12495,12355,14158,14308,70,70,75,255
93230,13084,22561,13155,12471,12340,14175,14391,70,70,75,255
93730,13078,22500,13142,12465,12325,14261,14443,70,70,75,255
94230,13080,22477,13131,12449,12310,14361,14482,70,70,75,255
94730,13069,22456,13125,12441,12296,14392,14554,70,70,75,255
95230,13070,22402,13114,12435,12286,14447,14620,70,70,75,255
95730,13047,22376,13105,12420,12273,14519,14656,70,70,75,255
96230,13040,22360,13100,12407,12264,14578,14701,70,70,75,255
96730,13028,22327,13089,12393,12254,14611,14791,70,70,75,255
97230,13025,22320,13078,12385,12237,14670,14846,70,70,75,255
97730,13016,22249,13077,12369,12233,14759,14851,70,70,75,255
98230,13014,22220,13061,12359,12221,14791,14924,70,70,75,255
98730,13001,22195,13052,12356,12210,14821,15000,70,70,75,255
99230,12984,22172,13047,12342,12202,14899,15030,70,70,75,255
99730,12981,22127,13038,12334,12193,14966,15068,70,70,75,255
100230,12969,22137,13026,12326,12186,14983,15141,70,70,75,255
100730,12957,22111,13019,12311,12182,15075,15178,70,70,75,255
101230,12947,22028,13005,12310,12172,15152,15207,70,70,75,255
101730,12935,22016,12997,12302,12164,15166,15272,70,70,75,255
102230,12924,21984,12987,12294,12157,15221,15327,70,70,75,255
102730,12924,21977,12979,12286,12151,15278,15351,70,70,75,255
103230,12899,21919,12967,12280,12143,15306,15403,70,70,75,255
103730,12887,21887,12960,12275,12135,15336,15462,70,70,75,255
104230,12870,21853,12949,12271,12129,15407,15494,70,70,75,255
104730,12860,21806,12937,12259,12119,15463,15533,70,70,75,255
105230,12842,21784,12926,12250,12118,15480,15590,70,70,75,255
105730,12832,21763,12915,12249,12112,15530,15633,70,70,75,255
106230,12828,21703,12905,12244,12104,15602,15667,70,70,75,255
106730,12821,21674,12898,12239,12095,15638,15721,70,70,75,255
107230,12812,21652,12886,12230,12093,15664,15767,70,70,75,255
107730,12799,21605,12876,12219,12090,15730,15796,70,70,75,255
108230,12800,21596,12867,12212,12082,15760,15842,70,70,75,255
108730,12793,21569,12859,12217,12081,15800,15885,70,70,75,255
109230,12788,21528,12849,12214,12075,15875,15921,70,70,75,255
109730,12780,21506,12843,12208,12069,15890,15961,70,70,75,255
110230,12773,21449,12831,12201,12065,15923,16005,70,70,75,255
110730,12758,21432,12821,12202,12064,15971,16037,70,70,75,255
111230,12742,21411,12812,12196,12055,15996,16082,70,70,75,255
111730,12734,21397,12802,12195,12052,16031,16123,70,70,75,255
112230,12719,21354,12793,12186,12051,16078,16158,70,70,75,255
112730,12707,21303,12783,12184,12046,16112,16196,70,70,75,255
113230,12695,21244,12771,12175,12042,16147,16238,70,70,75,255
113730,12689,21252,12761,12175,12043,16197,16271,70,70,75,255
114230,12679,21233,12757,12172,12038,16225,16307,70,70,75,255
114730,12676,21157,12747,12171,12035,16266,16350,70,70,75,255
115230,12672,21152,12740,12162,12031,16308,16378,70,70,75,255
115730,12658,21155,12729,12159,12026,16346,16416,70,70,75,255
116230,12657,21069,12718,12156,12018,16369,16456,70,70,75,255
116730,12645,21096,12715,12155,12021,16412,16485,70,70,75,255
117230,12634,21028,12700,12155,12019,16447,16522,70,70,75,255
117730,12630,21024,12692,12153,12013,16482,16558,70,70,75,255
118230,12626,20999,12683,12153,12013,16524,16584,70,70,75,255
118730,12620,20939,12675,12147,12012,16556,16621,70,70,75,255
119230,12616,20934,12667,12137,12008,16578,16658,70,70,75,255
119730,12610,20904,12663,12140,12007,16618,16687,70,70,75,255
120230,12603,20867,12655,12144,12004,16645,16719,70,70,75,255
120730,12599,20887,12649,12140,12002,16669,16755,70,70,75,255
121230,12594,20842,12641,12140,12002,16723,16780,70,70,75,255
121730,12584,20800,12631,12133,11998,16750,16809,70,70,75,255
122230,12575,20811,12627,12131,11995,16777,16848,70,70,75,255
122730,12569,20729,12620,12128,11996,16811,16872,70,70,75,255
123230,12554,20758,12613,12125,11997,16842,16903,70,70,75,255
123730,12542,20701,12604,12131,11993,16868,16927,70,70,75,255
124230,12537,20686,12594,12128,11993,16897,16955,70,70,75,255
124730,12526,20643,12590,12125,11989,16929,16986,70,70,75,255
125230,12520,20626,12582,12125,11990,16956,17011,70,70,75,255
125730,12517,20608,12574,12125,11988,16984,17041,70,70,75,255
126230,12502,20594,12566,12123,11988,17009,17069,70,70,75,255
126730,12503,20563,12568,12126,11986,17040,17097,70,70,75,255
127230,12494,20569,12556,12122,11984,17066,17120,70,70,75,255
127730,12489,20529,12548,12122,11982,17092,17148,70,70,75,255
128230,12484,20543,12540,12116,11984,17116,17175,70,70,75,255
128730,12471,20457,12532,12121,11979,17145,17204,70,70,75,255
129230,12463,20452,12530,12114,11982,17170,17233,70,70,75,255
129730,12457,20447,12521,12117,11979,17193,17254,70,70,75,255
130230,12451,20392,12516,12113,11979,17224,17280,70,70,75,255
130730,12439,20390,12507,12113,11979,17251,17302,70,70,75,255
158,12428,20383,12502,12111,11974,17271,17324,70,70,75,255
658,12416,20349,12494,12112,11976,17294,17345,70,70,75,255
1158,12409,20335,12486,12110,11976,17307,17362,70,70,75,255
1658,12404,20315,12481,12107,11977,17328,17377,70,70,75,255
2158,12403,20305,12477,12109,11981,17346,17397,70,70,75,255
2658,12401,20277,12464,12106,11977,17360,17420,70,70,75,255
3158,12399,20241,12460,12105,11972,17378,17431,70,70,75,255
3658,12396,20213,12454,12104,11976,17393,17440,70,70,75,255
4158,12396,20224,12451,12105,11970,17405,17457,70,70,75,255
4658,12387,20204,12449,12109,11968,17416,17469,70,70,75,255
5158,12387,20159,12446,12104,11966,17429,17477,70,70,75,255
5658,12377,20165,12435,12102,11968,17445,17492,70,70,75,255
6158,12376,20161,12430,12102,11965,17453,17500,70,70,75,255
6658,12375,20136,12429,12099,11966,17460,17509,70,70,75,255
7158,12368,20098,12424,12097,11962,17469,17521,70,70,75,255
7658,12359,20107,12419,12088,11963,17477,17531,70,70,75,255
8158,12359,20087,12413,12092,11962,17485,17538,70,70,75,255
8658,12357,20092,12411,12093,11959,17498,17542,70,70,75,255
9158,12357,20064,12403,12092,11959,17501,17549,70,70,75,255
9658,12346,20065,12402,12091,11958,17505,17554,70,70,75,255
10158,12342,20066,12399,12091,11955,17509,17561,70,70,75,255
10658,12338,20006,12393,12089,11953,17515,17568,70,70,75,255
11158,12330,20010,12387,12089,11950,17520,17573,70,70,75,255
11658,12328,19972,12388,12084,11949,17529,17576,70,70,75,255
12158,12323,19951,12380,12086,11948,17532,17582,70,70,75,255
12658,12316,19974,12373,12078,11946,17539,17584,70,70,75,255
13158,12312,19942,12374,12081,11950,17538,17588,70,70,75,255
13658,12309,19944,12365,12079,11948,17540,17595,70,70,75,255
14158,12313,19905,12364,12080,11945,17541,17597,70,70,75,255
14658,12304,19902,12364,12078,11944,17545,17598,70,70,75,255
15158,12300,19904,12354,12077,11942,17549,17596,70,70,75,255
15658,12302,19886,12350,12074,11939,17554,17600,70,70,75,255
16158,12302,19865,12350,12074,11938,17556,17607,70,70,75,255
16658,12303,19861,12349,12072,11938,17554,17605,70,70,75,255
17158,12301,19830,12341,12070,11936,17560,17614,70,70,75,255
17658,12299,19849,12344,12069,11932,17559,17608,70,70,75,255
18158,12305,19852,12338,12065,11931,17561,17609,70,70,75,255
18658,12290,19819,12336,12063,11933,17561,17613,70,70,75,255
19158,12291,19819,12333,12066,11933,17563,17615,70,70,75,255
19658,12287,19831,12332,12061,11927,17565,17616,70,70,75,255
20158,12285,19796,12324,12060,11928,17565,17613,70,70,75,255
20658,12299,19781,12326,12058,11929,17563,17618,70,70,75,255
21158,12287,19750,12321,12060,11925,17567,17616,70,70,75,255
21658,12277,19779,12317,12059,11930,17565,17616,70,70,75,255
22158,12276,19780,12316,12053,11922,17566,17615,70,70,75,255
22658,12282,19755,12315,12058,11920,17565,17619,70,70,75,255
23158,12285,19799,12312,12052,11921,17566,17619,70,70,75,255
23658,12287,19774,12313,12053,11916,17569,17619,70,70,75,255
24158,12290,19747,12310,12054,11918,17561,17613,70,70,75,255
24658,12286,19704,12307,12053,11919,17565,17618,70,70,75,255
25158,12279,19727,12305,12050,11919,17569,17613,70,70,75,255
25658,12283,19760,12306,12049,11915,17565,17616,70,70,75,255
26158,12287,19743,12304,12047,11911,17568,17618,70,70,75,255
26658,12282,19704,12302,12043,11915,17567,17612,70,70,75,255
27158,12281,19737,12298,12047,11911,17563,17616,70,70,75,255
27658,12274,19702,12300,12040,11910,17565,17612,70,70,75,255
28158,12277,19708,12300,12043,11911,17563,17612,70,70,75,255
28658,12273,19690,12297,12044,11909,17563,17617,70,70,75,255
29158,12271,19702,12293,12040,11906,17562,17613,70,70,75,255
29658,12269,19743,12293,12041,11905,17564,17610,70,70,75,255
30158,12264,19661,12291,12041,11903,17563,17614,70,70,75,255
30658,12262,19646,12290,12037,11904,17556,17613,70,70,75,255
31158,12268,19684,12287,12036,11901,17559,17613,70,70,75,255
31658,12269,19660,12290,12038,11902,17560,17609,70,70,75,255
32158,12265,19655,12284,12034,11901,17558,17606,70,70,75,255
32658,12269,19655,12288,12035,11897,17558,17613,70,70,75,255
33158,12267,19665,12285,12031,11902,17560,17612,70,70,75,255
33658,12267,19675,12282,12029,11898,17557,17613,70,70,75,255
34158,12268,19665,12280,12038,11898,17555,17608,70,70,75,255
34658,12265,19615,12277,12029,11897,17557,17610,70,70,75,255
35158,12262,19623,12277,12030,11895,17558,17609,70,70,75,255
35658,12263,19652,12280,12028,11896,17559,17606,70,70,75,255
36158,12264,19640,12274,12024,11894,17554,17606,70,70,75,255
36658,12262,19615,12276,12025,11897,17553,17607,70,70,75,255
37158,12262,19597,12276,12023,11894,17552,17605,70,70,75,255
37658,12262,19661,12271,12022,11891,17554,17604,70,70,75,255
38158,12260,19600,12272,12022,11891,17554,17604,70,70,75,255
38658,12255,19628,12266,12026,11891,17554,17601,70,70,75,255
39158,12252,19585,12268,12024,11889,17554,17598,70,70,75,255
39658,12258,19609,12267,12021,11887,17551,17599,70,70,75,255
40158,12262,19602,12265,12019,11888,17550,17597,70,70,75,255
40658,12257,19587,12267,12024,11887,17549,17596,70,70,75,255
41158,12263,19566,12261,12017,11887,17549,17601,70,70,75,255
41658,12263,19594,12264,12019,11885,17549,17598,70,70,75,255
42158,12264,19576,12261,12020,11883,17544,17599,70,70,75,255
42658,12276,19540,12264,12021,11882,17542,17594,70,70,75,255
43158,12266,19592,12261,12014,11884,17546,17594,70,70,75,255
43658,12271,19581,12258,12015,11881,17546,17588,70,70,75,255
44158,12269,19601,12259,12013,11880,17546,17592,70,70,75,255
44658,12271,19599,12265,12013,11883,17541,17596,70,70,75,255
45158,12271,19548,12261,12014,11880,17544,17594,70,70,75,255
45658,12268,19585,12261,12014,11879,17543,17595,70,70,75,255
46158,12267,19580,12261,12016,11880,17543,17591,70,70,75,255
46658,12270,19563,12260,12011,11880,17541,17593,70,70,75,255
47158,12264,19564,12257,12010,11880,17538,17591,70,70,75,255
47658,12269,19550,12259,12009,11879,17540,17592,70,70,75,255
48158,12267,19583,12259,12008,11878,17539,17590,70,70,75,255
48658,12259,19565,12254,12011,11877,17540,17587,70,70,75,255
49158,12260,19566,12253,12010,11876,17541,17588,70,70,75,255
49658,12247,19571,12257,12012,11877,17539,17585,70,70,75,255
50158,12246,19520,12252,12006,11882,17539,17589,70,70,75,255
50658,12242,19546,12257,12003,11874,17538,17593,70,70,75,255
51158,12233,19580,12254,12012,11875,17537,17585,70,70,75,255
51658,12229,19551,12250,12010,11871,17537,17585,70,70,75,255
52158,12227,19544,12250,12012,11873,17536,17585,70,70,75,255
52658,12219,19537,12250,12012,11876,17536,17587,70,70,75,255
53158,12231,19523,12246,12009,11867,17536,17582,70,70,75,255
53658,12227,19558,12243,12003,11872,17536,17579,70,70,75,255
54158,12235,19527,12241,12001,11876,17537,17578,70,70,75,255
54658,12239,19540,12242,12005,11871,17535,17582,70,70,75,255
55158,12234,19517,12240,12001,11870,17536,17580,70,70,75,255
55658,12237,19508,12240,12005,11869,17534,17580,70,70,75,255
56158,12238,19525,12238,12002,11870,17534,17577,70,70,75,255
56658,12241,19505,12243,11999,11869,17534,17579,70,70,75,255
57158,12242,19490,12240,12002,11870,17531,17578,70,70,75,255
57658,12243,19510,12238,12002,11868,17531,17579,70,70,75,255
58158,12242,19500,12238,12002,11864,17534,17580,70,70,75,255
58658,12244,19524,12237,12003,11869,17534,17577,70,70,75,255
59158,12240,19523,12238,11997,11868,17531,17576,70,70,75,255
59658,12249,19499,12236,12000,11865,17533,17577,70,70,75,255
60158,12247,19485,12235,11998,11866,17529,17575,70,70,75,255
60658,12249,19497,12238,11999,11865,17528,17579,70,70,75,255
61158,12243,19497,12230,11996,11863,17528,17579,70,70,75,255
61658,12246,19512,12238,11998,11869,17527,17578,70,70,75,255
62158,12247,19502,12239,11995,11865,17527,17573,70,70,75,255
62658,12244,19487,12236,11997,11863,17525,17575,70,70,75,255
63158,12242,19467,12236,11995,11861,17527,17577,70,70,75,255
63658,12244,19500,12235,11996,11866,17524,17574,70,70,75,255
64158,12247,19500,12235,11995,11864,17526,17573,70,70,75,255
64658,12238,19493,12237,11996,11863,17525,17571,70,70,75,255
65158,12239,19465,12233,11998,11864,17526,17576,70,70,75,255
65658,12240,19421,12230,11993,11865,17524,17575,70,70,75,255
66158,12240,19484,12233,11991,11859,17525,17575,70,70,75,255
66658,12239,19476,12229,11993,11865,17524,17570,70,70,75,255
67158,12233,19469,12229,11993,11861,17522,17567,70,70,75,255
67658,12236,19481,12235,11994,11861,17525,17570,70,70,75,255
68158,12228,19470,12230,11993,11861,17526,17568,70,70,75,255
68658,12232,19434,12229,11993,11864,17521,17573,70,70,75,255
69158,12239,19450,12231,11995,11859,17517,17569,70,70,75,255
69658,12233,19466,12232,11985,11859,17520,17572,70,70,75,255
70158,12234,19504,12230,11990,11864,17520,17564,70,70,75,255
70658,12243,19460,12231,11989,11860,17522,17571,70,70,75,255
71158,12231,19496,12226,11990,11860,17519,17566,70,70,75,255
71658,12236,19475,12228,11992,11858,17523,17569,70,70,75,255
72158,12231,19406,12228,11989,11858,17522,17572,70,70,75,255
72658,12230,19501,12227,11990,11857,17521,17568,70,70,75,255
73158,12227,19449,12230,11992,11857,17518,17568,70,70,75,255
