70259,10312,13124,10324,10207,10131,11838,11874,255,0,0,0
70759,10312,13124,10324,10208,10126,11837,11876,255,0,0,0
71259,10310,13121,10321,10206,10126,11836,11876,255,0,0,0
71759,10312,13118,10321,10209,10132,11838,11875,255,0,0,0
72259,10312,13120,10321,10206,10130,11841,11876,255,0,0,0
72759,10313,13122,10320,10210,10126,11840,11875,255,0,0,0
73259,10313,13124,10321,10207,10128,11838,11873,255,0,0,0
73759,10313,13116,10326,10207,10131,11838,11874,255,0,0,0
74259,10314,13122,10323,10206,10129,11837,11875,255,0,0,0
74759,10312,13116,10323,10206,10130,11839,11875,255,10,0,0
75259,10315,13113,10322,10209,10128,11839,11876,255,10,0,0
75759,10314,13117,10323,10207,10127,11838,11875,255,10,0,0
76259,10315,13116,10322,10208,10131,11837,11873,255,10,0,0
76759,10312,13121,10326,10209,10127,11838,11874,255,10,0,0
77259,10313,13125,10324,10206,10127,11838,11875,255,10,0,0
77759,10313,13124,10324,10207,10125,11839,11876,255,10,0,0
78259,10312,13123,10324,10207,10127,11837,11876,255,10,0,0
78759,10312,13117,10324,10206,10127,11837,11874,255,10,0,0
79259,10314,13119,10324,10208,10124,11836,11873,255,10,0,0
79759,10313,13116,10326,10206,10130,11842,11877,255,10,0,0
80259,10312,13118,10323,10205,10126,11836,11879,255,10,0,0
80759,10322,13104,10323,10206,10124,11838,11870,255,10,0,0
81259,10322,13118,10324,10208,10127,11836,11873,255,10,0,0
81759,10421,13110,10326,10205,10125,11837,11875,255,10,0,0
82259,10418,13155,10321,10202,10128,11839,11877,255,10,0,0
82759,10438,13158,10331,10209,10128,11838,11878,255,10,0,0
83259,10451,13165,10343,10206,10126,11835,11874,255,10,0,0
83759,10487,13176,10353,10208,10126,11837,11873,255,10,0,0
84259,10503,13175,10360,10207,10128,11838,11871,255,10,0,0
84759,10510,13215,10373,10210,10131,11838,11874,255,10,0,0
85259,10546,13229,10373,10206,10131,11839,11872,255,10,0,0
85759,10524,13258,10384,10209,10132,11837,11874,255,10,0,0
86259,10515,13277,10398,10213,10134,11835,11874,255,10,0,0
86759,10549,13299,10403,10214,10133,11836,11876,255,10,0,0
87259,10570,13332,10415,10215,10136,11837,11875,255,10,0,0
87759,10558,13350,10420,10217,10140,11838,11875,255,10,0,0
88259,10586,13374,10425,10213,10138,11838,11875,255,10,0,0
88759,10584,13438,10439,10218,10140,11838,11872,255,10,0,0
89259,10582,13443,10446,10221,10145,11836,11875,255,10,0,0
89759,10593,13527,10452,10225,10145,11838,11874,255,10,0,0
90259,10603,13540,10456,10226,10147,11840,11875,255,10,0,0
90759,10594,13606,10470,10231,10149,11839,11874,255,10,0,0
91259,10604,13604,10486,10230,10150,11837,11878,255,10,0,0
91759,10597,13658,10486,10231,10152,11837,11875,255,10,0,0
92259,10601,13709,10498,10235,10158,11834,11874,255,10,0,0
92759,10641,13704,10508,10236,10158,11839,11874,255,10,0,0
93259,10660,13742,10515,10241,10163,11840,11874,255,10,0,0
93759,10661,13749,10524,10241,10162,11840,11870,255,10,0,0
94259,10648,13783,10530,10244,10167,11836,11876,255,10,0,0
94759,10635,13818,10537,10245,10171,11836,11871,255,10,0,0
95259,10648,13864,10548,10245,10170,11838,11875,255,10,0,0
95759,10674,13877,10552,10255,10173,11839,11875,255,10,0,0
96259,10653,13865,10562,10255,10174,11841,11876,255,10,0,0
96759,10702,13945,10572,10255,10180,11837,11875,255,10,0,0
97259,10679,13969,10579,10262,10183,11839,11876,255,10,0,0
97759,10679,13988,10590,10265,10185,11837,11878,255,10,0,0
98259,10690,14020,10597,10265,10187,11840,11874,255,10,0,0
98759,10687,14048,10602,10271,10187,11842,11875,255,10,0,0
99259,10697,14050,10613,10273,10192,11840,11876,255,10,0,0
99759,10707,14098,10625,10271,10196,11838,11875,255,10,0,0
100259,10710,14113,10628,10280,10198,11838,11875,255,10,0,0
100759,10719,14165,10634,10283,10205,11838,11874,255,10,0,0
101259,10718,14190,10646,10287,10207,11837,11880,255,10,0,0
101759,10735,14202,10655,10290,10208,11841,11875,255,10,0,0
102259,10734,14225,10659,10294,10213,11839,11877,255,10,0,0
102759,10755,14280,10667,10300,10217,11839,11878,255,10,0,0
103259,10748,14277,10676,10301,10217,11838,11877,255,10,0,0
103759,10755,14301,10682,10302,10224,11839,11876,255,10,0,0
104259,10743,14345,10691,10308,10227,11840,11876,255,10,0,0
104759,10765,14349,10697,10314,10227,11839,11876,255,10,0,0
105259,10759,14391,10706,10312,10232,11840,11874,255,10,0,0
105759,10763,14405,10715,10317,10236,11839,11875,255,10,0,0
106259,10785,14470,10723,10321,10239,11840,11874,255,10,0,0
106759,10778,14458,10733,10327,10242,11842,11876,255,10,0,0
107259,10788,14474,10740,10333,10248,11842,11876,255,10,0,0
107759,10793,14527,10743,10338,10251,11840,11876,255,10,0,0
108259,10815,14542,10751,10338,10255,11839,11880,255,10,0,0
108759,10808,14557,10759,10341,10261,11841,11875,255,10,0,0
109259,10826,14570,10764,10346,10264,11842,11878,255,10,0,0
109759,10812,14626,10774,10350,10268,11843,11875,255,10,0,0
110259,10829,14646,10784,10355,10271,11843,11877,255,10,0,0
110759,10833,14672,10790,10360,10275,11840,11873,255,10,0,0
111259,10835,14696,10793,10360,10279,11839,11878,255,10,0,0
111759,10853,14719,10805,10369,10282,11840,11876,255,10,0,0
112259,10853,14754,10807,10371,10288,11844,11879,255,10,0,0
112759,10885,14765,10818,10377,10291,11844,11875,255,10,0,0
113259,10862,14803,10826,10382,10296,11843,11879,255,10,0,0
113759,10859,14814,10833,10383,10296,11841,11877,255,10,0,0
114259,10882,14850,10841,10386,10303,11839,11879,255,10,0,0
114759,10878,14868,10851,10391,10307,11844,11878,255,10,0,0
115259,10907,14880,10852,10398,10311,11842,11881,255,10,0,0
115759,10892,14899,10862,10401,10315,11845,11875,255,10,0,0
116259,10890,14929,10870,10406,10321,11843,11878,255,10,0,0
116759,10907,14944,10881,10411,10323,11842,11878,255,10,0,0
117259,10919,14974,10884,10413,10330,11843,11880,255,10,0,0
117759,10921,14997,10892,10421,10334,11843,11878,255,10,0,0
118259,10928,15018,10900,10418,10341,11845,11880,255,10,0,0
118759,10919,15035,10906,10428,10341,11843,11878,255,10,0,0
119259,10927,15091,10915,10429,10348,11843,11882,255,10,0,0
119759,10945,15109,10923,10435,10350,11844,11881,255,10,0,0
120259,10944,15141,10927,10441,10356,11845,11881,255,10,0,0
120759,10956,15155,10936,10445,10364,11845,11882,255,10,0,0
121259,10967,15174,10940,10449,10364,11845,11881,255,10,0,0
121759,10969,15198,10945,10452,10371,11845,11882,255,10,0,0
122259,10961,15235,10959,10459,10376,11844,11881,255,10,0,0
122759,10969,15220,10963,10467,10379,11846,11880,255,10,0,0
123259,10989,15255,10969,10469,10380,11845,11883,255,10,0,0
123759,10991,15298,10974,10468,10385,11845,11882,255,10,0,0
124259,11000,15310,10985,10476,10396,11845,11882,255,10,0,0
124759,10997,15316,10992,10477,10394,11846,11883,255,10,0,0
125259,11030,15391,10999,10482,10399,11846,11883,255,10,0,0
125759,11035,15365,11006,10489,10409,11846,11883,255,10,0,0
126259,11024,15430,11012,10495,10409,11847,11884,255,10,0,0
126759,11040,15429,11022,10502,10413,11848,11884,255,10,0,0
127259,11042,15465,11027,10502,10424,11847,11883,255,10,0,0
127759,11067,15495,11038,10512,10422,11847,11883,255,10,0,0
128259,11054,15500,11042,10516,10428,11847,11884,255,10,0,0
128759,11058,15526,11053,10516,10431,11847,11885,255,10,0,0
129259,11060,15568,11051,10524,10438,11850,11884,255,10,0,0
129759,11065,15597,11063,10526,10441,11850,11884,255,10,0,0
130259,11081,15611,11071,10533,10446,11849,11885,255,10,0,0
130759,11077,15626,11074,10538,10455,11848,11886,255,10,0,0
187,11089,15663,11086,10546,10458,11848,11886,255,10,0,0
687,11088,15682,11092,10549,10462,11851,11886,255,10,0,0
1187,11094,15693,11099,10551,10464,11848,11887,255,10,0,0
1687,11112,15721,11107,10557,10474,11850,11885,255,10,0,0
2187,11116,15737,11110,10562,10476,11848,11887,255,10,0,0
2687,11122,15763,11117,10565,10481,11850,11887,255,10,0,0
3187,11129,15778,11125,10570,10488,11849,11887,255,10,0,0
3687,11128,15776,11129,10577,10492,11850,11889,255,10,0,0
4187,11135,15842,11136,10583,10497,11852,11889,255,10,0,0
4687,11122,15841,11142,10587,10501,11851,11887,255,10,0,0
5187,11152,15863,11152,10590,10506,11853,11888,255,10,0,0
5687,11160,15916,11156,10596,10510,11852,11888,255,10,0,0
6187,11154,15922,11162,10599,10511,11855,11888,255,10,0,0
6687,11170,15954,11170,10607,10521,11852,11888,255,10,0,0
7187,11172,15939,11176,10611,10527,11856,11889,255,10,0,0
7687,11181,15965,11184,10616,10529,11853,11887,255,10,0,0
8187,11188,15992,11192,10622,10533,11853,11891,255,10,0,0
8687,11189,16032,11198,10626,10541,11853,11890,255,10,0,0
9187,11201,16062,11204,10631,10542,11855,11889,255,10,0,0
9687,11214,16078,11209,10635,10553,11854,11890,255,10,0,0
10187,11219,16082,11216,10641,10554,11853,11891,255,10,0,0
10687,11227,16105,11221,10645,10560,11857,11893,255,10,0,0
11187,11228,16140,11228,10654,10565,11855,11892,255,10,0,0
11687,11231,16174,11233,10658,10573,11856,11890,255,10,0,0
12187,11237,16180,11243,10661,10577,11855,11893,255,10,0,0
12687,11243,16201,11248,10664,10579,11854,11891,255,10,0,0
13187,11252,16226,11257,10671,10588,11858,11891,255,10,0,0
13687,11268,16254,11259,10675,10590,11857,11893,255,10,0,0
14187,11269,16262,11271,10682,10596,11858,11893,255,10,0,0
14687,11268,16269,11276,10686,10595,11857,11892,255,10,0,0
15187,11293,16290,11286,10692,10605,11858,11893,255,10,0,0
15687,11285,16341,11292,10694,10609,11860,11894,255,10,0,0
16187,11295,16356,11295,10700,10612,11858,11894,255,10,0,0
16687,11293,16388,11302,10706,10618,11859,11896,255,10,0,0
17187,11299,16394,11309,10714,10626,11857,11895,255,10,0,0
17687,11304,16426,11316,10718,10628,11859,11896,255,10,0,0
18187,11305,16454,11322,10723,10640,11858,11897,255,10,0,0
18687,11316,16423,11325,10729,10638,11861,11893,255,10,0,0
19187,11329,16479,11336,10732,10643,11861,11897,255,10,0,0
19687,11334,16504,11341,10738,10647,11861,11896,255,10,0,0
20187,11348,16528,11347,10743,10656,11863,11899,255,10,0,0
20687,11350,16537,11353,10748,10660,11863,11901,255,10,0,0
21187,11348,16551,11359,10752,10663,11864,11899,255,10,0,0
21687,11359,16588,11366,10762,10673,11863,11899,255,10,0,0
22187,11364,16602,11372,10765,10675,11865,11899,255,10,0,0
22687,11369,16618,11379,10769,10680,11864,11899,255,10,0,0
23187,11377,16632,11383,10772,10685,11866,11901,255,10,0,0
23687,11379,16633,11390,10783,10688,11864,11901,255,10,0,0
24187,11394,16692,11397,10785,10696,11863,11899,255,10,0,0
24687,11400,16698,11403,10793,10701,11866,11901,255,10,0,0
25187,11408,16729,11410,10795,10704,11865,11902,255,10,0,0
25687,11413,16754,11416,10801,10711,11866,11900,255,10,0,0
26187,11416,16793,11420,10809,10715,11865,11903,255,10,0,0
26687,11419,16811,11430,10813,10722,11865,11901,255,10,0,0
27187,11423,16816,11436,10820,10730,11867,11902,255,10,0,0
27687,11436,16830,11440,10822,10730,11868,11904,255,10,0,0
28187,11440,16840,11445,10831,10736,11868,11903,255,10,0,0
28687,11451,16870,11452,10833,10742,11870,11904,255,10,0,0
29187,11458,16899,11457,10844,10748,11870,11906,255,10,0,0
29687,11446,16893,11463,10846,10752,11869,11906,255,10,0,0
30187,11469,16960,11474,10852,10758,11868,11907,255,10,0,0
30687,11466,16942,11478,10858,10762,11869,11906,255,10,0,0
31187,11471,17012,11485,10859,10766,11872,11904,255,10,0,0
31687,11486,17007,11492,10866,10772,11871,11905,255,10,0,0
32187,11491,17032,11497,10869,10784,11871,11907,255,10,0,0
32687,11497,17046,11502,10877,10786,11871,11906,255,10,0,0
33187,11502,17079,11509,10885,10788,11870,11908,255,10,0,0
33687,11516,17108,11514,10889,10797,11872,11905,255,10,0,0
34187,11521,17122,11522,10893,10801,11874,11909,255,10,0,0
34687,11521,17139,11529,10900,10807,11874,11907,255,10,0,0
35187,11524,17165,11535,10910,10813,11875,11910,255,10,0,0
35687,11527,17172,11540,10911,10816,11875,11910,255,10,0,0
36187,11540,17195,11549,10915,10821,11876,11912,255,10,0,0
36687,11534,17184,11548,10921,10829,11875,11911,255,10,0,0
37187,11551,17256,11560,10925,10835,11875,11909,255,10,0,0
37687,11550,17259,11565,10932,10838,11878,11914,255,10,0,0
38187,11558,17268,11572,10937,10842,11877,11912,255,10,0,0
38687,11567,17296,11580,10945,10851,11877,11914,255,10,0,0
39187,11574,17305,11584,10946,10856,11878,11915,255,10,0,0
39687,11584,17358,11592,10955,10858,11878,11915,255,10,0,0
40187,11574,17360,11595,10957,10868,11880,11915,255,10,0,0
40687,11581,17395,11602,10962,10869,11880,11915,255,10,0,0
41187,11595,17399,11606,10971,10875,11879,11915,255,10,0,0
41687,11606,17412,11612,10974,10881,11879,11915,255,10,0,0
42187,11608,17446,11622,10981,10889,11879,11916,255,10,0,0
42687,11614,17457,11624,10986,10892,11882,11916,255,10,0,0
43187,11619,17455,11631,10990,10898,11882,11916,255,10,0,0
43687,11620,17512,11638,10996,10906,11883,11918,255,10,0,0
44187,11631,17531,11645,11005,10909,11883,11917,255,10,0,0
44687,11633,17533,11653,11011,10914,11883,11917,255,10,0,0
45187,11646,17563,11657,11012,10917,11882,11920,255,10,0,0
45687,11646,17562,11662,11018,10925,11882,11919,255,10,0,0
46187,11654,17603,11668,11027,10925,11884,11920,255,10,0,0
46687,11668,17636,11676,11032,10934,11885,11920,255,10,0,0
47187,11667,17622,11678,11038,10942,11886,11921,255,10,0,0
47687,11675,17630,11686,11041,10947,11887,11922,255,10,0,0
48187,11683,17688,11694,11042,10950,11885,11922,255,10,0,0
48687,11692,17670,11697,11048,10957,11886,11920,255,10,0,0
49187,11688,17711,11706,11057,10963,11888,11923,255,10,0,0
49687,11690,17731,11716,11062,10969,11889,11922,255,10,0,0
50187,11699,17749,11717,11069,10974,11887,11925,255,10,0,0
50687,11706,17779,11723,11073,10979,11887,11925,255,10,0,0
51187,11711,17817,11732,11078,10982,11888,11926,255,10,0,0
51687,11721,17825,11735,11082,10990,11890,11923,255,10,0,0
52187,11727,17814,11741,11088,10997,11889,11925,255,10,0,0
52687,11729,17858,11750,11094,10999,11892,11927,255,10,0,0
53187,11735,17885,11754,11103,11004,11890,11928,255,10,0,0
53687,11739,17886,11760,11106,11009,11893,11928,255,10,0,0
54187,11744,17929,11766,11109,11015,11891,11929,255,10,0,0
54687,11752,17925,11771,11121,11019,11891,11930,255,10,0,0
55187,11757,17948,11779,11122,11028,11893,11927,255,10,0,0
55687,11770,17981,11782,11131,11030,11893,11929,255,10,0,0
56187,11769,17972,11788,11134,11035,11893,11931,255,10,0,0
56687,11773,18032,11795,11138,11042,11893,11933,255,10,0,0
57187,11782,18020,11801,11144,11047,11894,11933,255,10,0,0
57687,11786,18061,11807,11151,11054,11895,11931,255,10,0,0
58187,11796,18079,11814,11156,11059,11895,11934,255,10,0,0
58687,11803,18099,11818,11159,11066,11897,11935,255,10,0,0
59187,11812,18115,11824,11169,11068,11897,11932,255,10,0,0
59687,11811,18160,11832,11175,11074,11899,11934,255,10,0,0
60187,11814,18173,11836,11177,11080,11898,11934,255,10,0,0
60687,11826,18183,11844,11186,11086,11899,11935,255,10,0,0
61187,11826,18173,11849,11186,11093,11898,11935,255,10,0,0
61687,11823,18210,11854,11193,11095,11900,11936,255,10,0,0
62187,11838,18244,11861,11201,11106,11900,11935,255,10,0,0
62687,11848,18282,11867,11210,11109,11899,11935,255,10,0,0
63187,11849,18274,11873,11211,11112,11901,11937,255,10,0,0
63687,11855,18284,11878,11217,11118,11902,11937,255,10,0,0
64187,11861,18320,11885,11218,11122,11902,11941,255,10,0,0
64687,11862,18316,11887,11226,11127,11903,11940,255,10,0,0
65187,11867,18335,11894,11230,11130,11903,11939,255,10,0,0
65687,11885,18371,11899,11236,11138,11904,11941,255,10,0,0
66187,11900,18374,11911,11245,11145,11904,11944,255,10,0,0
66687,11911,18429,11916,11250,11150,11904,11939,255,10,0,0
67187,11895,18421,11922,11255,11154,11904,11943,255,10,0,0
67687,11901,18458,11930,11257,11160,11904,11943,255,10,0,0
68187,11907,18473,11932,11266,11166,11906,11943,255,10,0,0
68687,11911,18516,11941,11269,11174,11909,11943,255,10,0,0
69187,11919,18510,11946,11274,11178,11909,11944,255,10,0,0
69687,11928,18523,11951,11281,11184,11907,11944,255,10,0,0
70187,11931,18532,11961,11287,11186,11908,11946,255,10,0,0
70687,11934,18591,11964,11293,11194,11909,11945,255,10,0,0
71187,11941,18602,11968,11302,11201,11911,11947,255,10,0,0
71687,11955,18600,11975,11305,11205,11911,11948,255,10,0,0
72187,11959,18660,11979,11313,11209,11910,11947,255,10,0,0
72687,11959,18657,11986,11317,11218,11912,11948,255,10,0,0
73187,11964,18643,11993,11317,11222,11912,11950,255,10,0,0
73687,11968,18685,11999,11326,11226,11912,11950,255,10,0,0
74187,11974,18701,12005,11331,11232,11913,11951,255,10,0,0
74687,11978,18721,12008,11336,11237,11914,11950,255,10,0,0
75187,11983,18736,12016,11340,11243,11914,11950,255,10,0,0
75687,11988,18765,12022,11347,11248,11915,11952,255,10,0,0
76187,11992,18788,12021,11354,11254,11916,11952,255,10,0,0
76687,12001,18803,12034,11359,11259,11917,11954,255,10,0,0
77187,12004,18796,12036,11364,11263,11916,11952,255,10,0,0
77687,12013,18798,12040,11367,11270,11915,11954,255,10,0,0
78187,12016,18817,12041,11375,11274,11918,11952,255,10,0,0
78687,12021,18891,12050,11383,11280,11919,11955,255,10,0,0
79187,12026,18834,12053,11385,11285,11920,11957,255,10,0,0
79687,12019,18886,12054,11391,11289,11921,11955,255,10,0,0
80187,12027,18871,12058,11399,11296,11919,11956,255,10,0,0
80687,12033,18892,12058,11404,11304,11919,11957,255,10,0,0
81187,12035,18876,12061,11406,11307,11921,11958,255,10,0,0
81687,12042,18898,12065,11412,11312,11922,11958,255,10,0,0
82187,12037,18896,12067,11420,11317,11925,11960,255,10,0,0
82687,12044,18936,12066,11425,11323,11925,11958,255,10,0,0
83187,12039,18912,12070,11429,11327,11926,11960,255,10,0,0
83687,12041,18908,12067,11434,11336,11922,11962,255,10,0,0
84187,12045,18909,12068,11442,11340,11923,11961,255,10,0,0
84687,12048,18903,12070,11447,11345,11925,11963,255,10,0,0
85187,12045,18928,12062,11449,11345,11926,11961,255,10,0,0
85687,12045,18926,12064,11457,11352,11929,11962,255,10,0,0
86187,12048,18905,12064,11458,11357,11927,11961,255,10,0,0
86687,12041,18921,12063,11471,11366,11927,11962,255,10,0,0
87187,12042,18843,12063,11469,11367,11928,11966,255,10,0,0
87687,12034,18912,12059,11475,11371,11927,11966,255,10,0,0
88187,12034,18887,12060,11482,11379,11929,11965,255,10,0,0
88687,12028,18914,12059,11488,11381,11931,11966,255,10,0,0
89187,12034,18853,12056,11489,11394,11932,11967,255,10,0,0
89687,12038,18882,12056,11496,11391,11932,11967,255,10,0,0
90187,12033,18885,12054,11506,11398,11932,11966,255,10,0,0
90687,12028,18847,12054,11504,11401,11931,11969,255,10,0,0
91187,12030,18883,12050,11514,11406,11932,11968,255,10,0,0
91687,12023,18876,12054,11512,11412,11932,11970,255,10,0,0
92187,12025,18853,12047,11520,11413,11935,11971,255,10,0,0
92687,12027,18847,12047,11524,11423,11935,11968,255,10,0,0
93187,12027,18897,12049,11528,11424,11934,11971,255,10,0,0
93687,12024,18857,12049,11533,11431,11935,11973,255,10,0,0
94187,12024,18828,12047,11536,11436,11936,11971,255,10,0,0
94687,12029,18856,12046,11540,11440,11936,11976,255,10,0,0
95187,12020,18875,12042,11546,11442,11939,11975,255,10,0,0
95687,12022,18830,12040,11551,11447,11940,11977,255,10,0,0
96187,12017,18845,12045,11555,11452,11939,11975,255,10,0,0
96687,12021,18804,12043,11561,11452,11940,11977,255,10,0,0
97187,12020,18791,12042,11563,11460,11940,11975,255,10,0,0
97687,12017,18812,12040,11565,11461,11938,11977,255,10,0,0
98187,12019,18831,12040,11572,11464,11939,11980,255,10,0,0
98687,12021,18774,12042,11572,11471,11945,11980,255,10,0,0
99187,12021,18796,12039,11576,11473,11944,11980,255,10,0,0
99687,12023,18800,12039,11580,11479,11945,11980,255,10,0,0
100187,12013,18819,12039,11588,11485,11944,11982,255,10,0,0
100687,12015,18794,12034,11588,11486,11944,11982,255,10,0,0
101187,12012,18773,12039,11597,11489,11944,11983,255,10,0,0
101687,12010,18853,12035,11600,11491,11944,11982,255,10,0,0
102187,12019,18777,12034,11604,11498,11947,11985,255,10,0,0
102687,12022,18797,12036,11607,11503,11946,11984,255,10,0,0
103187,12011,18812,12035,11609,11506,11949,11986,255,10,0,0
103687,12010,18846,12033,11614,11507,11950,11986,255,10,0,0
104187,12010,18807,12034,11617,11514,11949,11986,255,10,0,0
104687,12012,18789,12033,11621,11515,11949,11987,255,10,0,0
105187,12012,18771,12031,11623,11522,11949,11987,255,10,0,0
105687,12013,18779,12032,11630,11520,11951,11987,255,10,0,0
106187,12014,18790,12033,11633,11524,11953,11988,255,10,0,0
106687,12006,18800,12030,11635,11528,11953,11990,255,10,0,0
107187,12013,18803,12031,11639,11532,11953,11990,255,10,0,0
107687,12010,18791,12031,11641,11538,11954,11992,255,10,0,0
108187,12008,18802,12031,11647,11540,11954,11991,255,10,0,0
108687,12009,18810,12028,11651,11542,11954,11988,255,10,0,0
109187,12006,18788,12027,11649,11545,11955,11995,255,10,0,0
109687,12007,18767,12033,11655,11553,11955,11993,255,10,0,0
110187,12008,18804,12027,11660,11552,11956,11994,255,10,0,0
110687,12009,18775,12029,11660,11556,11956,11995,255,10,0,0
111187,12013,18788,12031,11665,11560,11956,11994,255,10,0,0
111687,12009,18780,12028,11667,11561,11957,11999,255,10,0,0
112187,12007,18767,12029,11669,11567,11959,11997,255,10,0,0
112687,12003,18780,12033,11676,11571,11961,11998,255,10,0,0
113187,12010,18758,12028,11676,11570,11960,11997,255,10,0,0
113687,12004,18802,12027,11681,11575,11961,12001,255,10,0,0
114187,12011,18799,12032,11687,11582,11960,11999,255,10,0,0
114687,12004,18765,12028,11685,11581,11963,11999,255,10,0,0
115187,12003,18812,12032,11687,11580,11963,11998,255,10,0,0
115687,12009,18775,12032,11691,11586,11962,12001,255,10,0,0
116187,12011,18789,12023,11693,11588,11965,12002,255,10,0,0
116687,12004,18791,12025,11694,11592,11964,12001,255,10,0,0
117187,12005,18772,12028,11700,11597,11964,12005,255,10,0,0
117687,12012,18779,12030,11701,11596,11966,12005,255,10,0,0
118187,12007,18787,12030,11705,11598,11966,12002,255,10,0,0
118687,12007,18767,12030,11708,11600,11967,12006,255,10,0,0
119187,12011,18735,12027,11712,11603,11967,12005,255,10,0,0
119687,12010,18722,12030,11715,11609,11971,12007,255,10,0,0
120187,12007,18777,12032,11714,11611,11969,12008,255,10,0,0
120687,12007,18764,12030,11716,11612,11970,12008,255,10,0,0
121187,12008,18786,12032,11721,11614,11969,12008,255,10,0,0
121687,12012,18806,12029,11723,11620,11968,12008,255,10,0,0
122187,12012,18789,12030,11722,11622,11972,12009,255,10,0,0
122687,12010,18749,12031,11727,11619,11972,12012,255,10,0,0
123187,12002,18809,12031,11730,11626,11974,12011,255,10,0,0
123687,12003,18798,12031,11731,11629,11974,12015,255,10,0,0
124187,12010,18780,12034,11734,11630,11973,12011,255,10,0,0
124687,12017,18746,12034,11736,11630,11973,12014,255,10,0,0
125187,12006,18793,12029,11738,11634,11975,12014,255,10,0,0
125687,12003,18821,12030,11744,11636,11978,12014,255,10,0,0
126187,12005,18797,12030,11746,11636,11978,12016,255,10,0,0
126687,12001,18811,12028,11743,11640,11977,12017,255,10,0,0
127187,12004,18804,12026,11752,11643,11979,12016,255,10,0,0
127687,12007,18808,12027,11751,11645,11981,12016,255,10,0,0
128187,12014,18795,12032,11752,11650,11980,12018,255,10,0,0
128687,12007,18778,12032,11755,11650,11979,12019,255,10,0,0
129187,12012,18794,12031,11759,11651,11978,12018,255,10,0,0
129687,12008,18795,12031,11759,11656,11982,12020,255,10,0,0
130187,12011,18820,12031,11764,11654,11983,12019,255,10,0,0
130687,12013,18830,12034,11763,11661,11982,12020,255,10,0,0
115,12013,18804,12035,11767,11655,11986,12021,255,10,0,0
615,12015,18821,12032,11765,11659,11984,12021,255,10,0,0
1115,12009,18776,12043,11773,11665,11983,12022,255,10,0,0
1615,12008,18792,12033,11772,11665,11986,12025,255,10,0,0
2115,12008,18806,12033,11774,11667,11987,12022,255,10,0,0
2615,12018,18806,12035,11776,11668,11986,12025,255,10,0,0
3115,12009,18781,12036,11778,11673,11988,12025,255,10,0,0
3615,12008,18827,12036,11778,11673,11989,12026,255,10,0,0
4115,12015,18780,12034,11783,11673,11990,12026,255,10,0,0
4615,12016,18841,12039,11784,11677,11990,12026,255,10,0,0
5115,12021,18796,12035,11786,11683,11991,12028,255,10,0,0
5615,12016,18794,12034,11789,11680,11990,12029,255,10,0,0
6115,12018,18823,12042,11794,11683,11991,12031,255,10,0,0
6615,12011,18778,12038,11793,11689,11992,12030,255,10,0,0
7115,12014,18818,12038,11793,11690,11994,12030,255,10,0,0
7615,12016,18826,12039,11796,11685,11994,12028,255,10,0,0
8115,12020,18817,12038,11800,11692,11994,12031,255,10,0,0
8615,12017,18827,12036,11797,11690,11995,12032,255,10,0,0
9115,12011,18830,12041,11799,11693,11997,12034,255,10,0,0
9615,12011,18803,12041,11803,11696,11996,12030,255,10,0,0
10115,12018,18813,12041,11804,11697,11998,12033,255,10,0,0
10615,12017,18817,12041,11808,11700,11999,12035,255,10,0,0
11115,12018,18825,12044,11804,11702,11998,12034,255,10,0,0
11615,12022,18864,12042,11808,11702,11998,12038,255,10,0,0
12115,12024,18852,12042,11809,11703,12000,12039,255,10,0,0
12615,12023,18814,12044,11811,11705,12000,12040,255,10,0,0
13115,12017,18857,12044,11813,11706,12001,12037,255,10,0,0
13615,12025,18860,12043,11818,11705,12002,12036,255,10,0,0
14115,12016,18834,12049,11819,11712,12002,12041,255,10,0,0
14615,12022,18820,12046,11819,11710,12002,12041,255,10,0,0
15115,12028,18860,12045,11820,11709,12003,12041,255,10,0,0
15615,12022,18863,12046,11823,11716,12002,12042,255,10,0,0
16115,12017,18886,12050,11823,11711,12005,12042,255,10,0,0
16615,12023,18807,12051,11824,11717,12002,12044,255,10,0,0
17115,12026,18848,12050,11825,11720,12006,12046,255,10,0,0
17615,12033,18844,12050,11825,11720,12008,12043,255,10,0,0
18115,12028,18869,12050,11827,11721,12008,12045,255,10,0,0
18615,12024,18890,12049,11832,11718,12009,12045,255,10,0,0
19115,12028,18878,12053,11831,11720,12011,12046,255,10,0,0
19615,12027,18865,12051,11834,11724,12009,12045,255,10,0,0
20115,12023,18912,12052,11834,11725,12010,12047,255,10,0,0
20615,12028,18907,12057,11838,11726,12013,12050,255,10,0,0
21115,12033,18915,12053,11837,11726,12013,12048,255,10,0,0
21615,12032,18867,12054,11839,11726,12012,12051,255,10,0,0
22115,12036,18854,12056,11841,11729,12012,12052,255,10,0,0
22615,12031,18844,12056,11843,11731,12009,12052,255,10,0,0
23115,12038,18881,12056,11845,11734,12015,12049,255,0,0,0
23615,12033,18906,12052,11842,11736,12014,12050,255,0,0,0
24115,12033,18902,12060,11849,11735,12015,12053,255,0,0,0
24615,12035,18887,12060,11848,11733,12018,12054,255,0,0,0
25115,12027,18877,12060,11840,11737,12018,12057,255,0,0,0
25615,12031,18849,12065,11846,11737,12017,12056,255,0,0,0
26115,12028,18880,12064,11843,11734,12018,12058,255,0,0,0
26615,12030,18912,12060,11843,11736,12017,12060,255,0,0,0
27115,12037,18925,12070,11848,11731,12020,12057,255,0,0,0
27615,12037,18891,12068,11841,11732,12022,12059,255,0,0,0
28115,12033,18877,12071,11841,11736,12021,12060,255,0,0,0
28615,12044,18910,12068,11838,11734,12023,12060,255,0,0,0
29115,12048,18934,12071,11842,11732,12022,12061,255,0,0,0
29615,12046,18908,12075,11842,11730,12024,12063,255,0,0,0
30115,12046,18948,12071,11844,11733,12022,12061,255,0,0,0
30615,12050,18920,12074,11840,11731,12023,12064,255,0,0,0
31115,12046,18954,12076,11836,11731,12023,12064,255,0,0,0
31615,12050,18940,12078,11839,11733,12026,12062,255,0,0,0
32115,12058,18957,12081,11840,11730,12026,12064,255,0,0,0
32615,12058,18972,12079,11838,11727,12029,12065,255,0,0,0
33115,12059,18977,12082,11846,11730,12028,12065,255,0,0,0
33615,12062,18977,12086,11840,11729,12029,12066,255,0,0,0
34115,12057,18998,12083,11836,11726,12028,12067,255,0,0,0
34615,12063,18976,12088,11838,11734,12031,12069,255,0,0,0
35115,12061,18942,12095,11837,11731,12031,12067,255,0,0,0
35615,12067,19014,12088,11835,11727,12031,12068,255,0,0,0
36115,12065,18944,12091,11833,11738,12028,12064,255,0,0,0
36615,12069,18977,12093,11840,11723,12028,12067,255,0,0,0
37115,12064,18998,12097,11838,11728,12027,12060,255,0,0,0
37615,12063,18978,12099,11836,11724,12023,12064,255,0,0,0
38115,12072,18993,12100,11831,11725,12019,12056,255,0,0,0
38615,12071,18998,12106,11810,11707,12018,12059,255,0,0,0
39115,12077,19081,12096,11799,11689,12016,12056,255,0,0,0
39615,12076,19027,12101,11780,11674,12014,12053,255,0,0,0
40115,12077,19017,12107,11766,11654,12013,12050,255,0,0,0
40615,12074,19055,12096,11750,11633,12008,12052,255,0,0,0
41115,12079,19003,12101,11724,11616,12004,12042,255,0,0,0
41615,12072,18958,12090,11709,11598,12002,12039,255,0,0,0
42115,12063,18963,12076,11690,11583,12000,12040,255,0,0,0
42615,12053,18897,12065,11675,11569,12001,12036,255,0,0,0
43115,12046,18821,12059,11652,11547,11998,12038,255,0,0,0
43615,12039,18805,12044,11640,11534,11999,12036,255,0,0,0
44115,12029,18844,12031,11618,11517,11990,12030,255,0,0,0
44615,12021,18717,12022,11602,11493,11988,12029,255,0,0,0
45115,12016,18698,12019,11587,11482,11988,12025,255,0,0,0
45615,12008,18647,12000,11569,11464,11987,12026,255,0,0,0
46115,11990,18649,11990,11547,11443,11989,12025,255,0,0,0
46615,11977,18638,11984,11536,11431,11989,12024,255,0,0,0
47115,11966,18648,11967,11513,11414,11983,12019,255,0,0,0
47615,11967,18543,11966,11497,11394,11979,12016,255,0,0,0
48115,11957,18509,11952,11477,11378,11975,12017,255,0,0,0
48615,11943,18466,11936,11462,11361,11976,12012,255,0,0,0
49115,11938,18474,11932,11447,11349,11976,12011,255,0,0,0
49615,11926,18384,11923,11432,11334,11977,12011,255,0,0,0
50115,11914,18346,11909,11415,11312,11974,12014,255,0,0,0
50615,11854,18330,11896,11397,11298,11970,12006,255,0,0,0
51115,11793,18227,11885,11377,11281,11968,12007,255,0,0,0
51615,11762,18169,11845,11366,11260,11968,12009,255,0,0,0
52115,11731,18049,11820,11345,11250,11967,12004,255,0,0,0
52615,11697,17987,11790,11329,11232,11963,11997,255,0,0,0
53115,11679,17900,11758,11309,11215,11963,12001,255,0,0,0
53615,11643,17760,11727,11301,11198,11961,11999,255,0,0,0
54115,11619,17680,11697,11279,11182,11960,11998,255,0,0,0
54615,11605,17605,11673,11265,11169,11957,11996,255,0,0,0
55115,11569,17476,11644,11252,11146,11958,11997,255,0,0,0
55615,11542,17418,11616,11231,11136,11955,11996,255,0,0,0
56115,11533,17313,11595,11216,11122,11955,11992,255,0,0,0
56615,11501,17254,11561,11201,11104,11952,11989,255,0,0,0
57115,11479,17191,11538,11180,11082,11953,11988,255,0,0,0
57615,11465,17081,11519,11168,11067,11953,11989,255,0,0,0
58115,11440,17010,11493,11151,11059,11950,11988,255,0,0,0
58615,11413,16911,11470,11135,11040,11950,11981,255,0,0,0
59115,11394,16830,11448,11121,11023,11948,11985,255,0,0,0
59615,11379,16766,11427,11103,11015,11947,11985,255,0,0,0
60115,11351,16707,11408,11086,10991,11944,11983,255,0,0,0
60615,11331,16608,11384,11076,10979,11945,11982,255,0,0,0
61115,11309,16553,11363,11059,10962,11945,11980,255,0,0,0
61615,11291,16483,11344,11040,10951,11946,11980,255,0,0,0
62115,11279,16433,11321,11027,10933,11940,11977,255,0,0,0
62615,11255,16372,11298,11011,10921,11939,11974,255,0,0,0
63115,11239,16303,11280,10996,10903,11940,11978,255,0,0,0
63615,11218,16263,11268,10985,10888,11938,11972,255,0,0,0
64115,11204,16199,11244,10965,10871,11938,11973,255,0,0,0
64615,11185,16119,11227,10949,10863,11936,11974,255,0,0,0
65115,11162,16096,11208,10935,10843,11936,11967,255,0,0,0
65615,11152,16002,11189,10921,10831,11935,11973,255,0,0,0
66115,11136,15898,11170,10906,10814,11932,11970,255,0,0,0
66615,11117,15839,11154,10892,10802,11932,11971,255,0,0,0
67115,11103,15843,11135,10877,10784,11933,11966,255,0,0,0
67615,11082,15763,11117,10862,10772,11931,11966,255,0,0,0
68115,11066,15686,11102,10846,10757,11929,11966,255,0,0,0
68615,11047,15669,11084,10831,10745,11927,11962,255,0,0,0
69115,11039,15583,11066,10824,10732,11929,11964,255,0,0,0
69615,11016,15517,11050,10802,10716,11927,11964,255,0,0,0
70115,11001,15482,11031,10792,10701,11926,11961,255,0,0,0
70615,10985,15411,11016,10774,10688,11925,11959,255,0,0,0
71115,10967,15403,11004,10761,10675,11924,11955,255,0,0,0
71615,10955,15298,10985,10748,10663,11925,11960,255,0,0,0
72115,10942,15238,10968,10738,10647,11922,11960,255,0,0,0
72615,10929,15202,10954,10722,10631,11922,11960,255,0,0,0
73115,10911,15140,10937,10705,10619,11921,11961,255,0,0,0
73615,10893,15121,10917,10694,10603,11920,11958,255,0,0,0
74115,10880,15075,10907,10679,10591,11921,11953,255,0,0,0
74615,10873,14997,10891,10663,10578,11918,11958,255,0,0,0
75115,10851,14971,10874,10655,10565,11918,11951,255,0,0,0
75615,10840,14890,10860,10637,10551,11918,11954,255,0,0,0
76115,10823,14835,10844,10624,10537,11915,11952,255,0,0,0
76615,10810,14807,10827,10610,10527,11916,11951,255,0,0,0
77115,10796,14768,10815,10598,10511,11914,11949,255,0,0,0
77615,10780,14734,10802,10587,10497,11914,11950,255,0,0,0
78115,10769,14645,10787,10569,10487,11912,11950,255,0,0,0
78615,10755,14607,10775,10560,10471,11911,11949,255,0,0,0
79115,10739,14548,10758,10544,10462,11909,11951,255,0,0,0
79615,10729,14503,10744,10531,10446,11909,11948,255,0,0,0
80115,10714,14465,10732,10518,10438,11909,11947,255,0,0,0
80615,10700,14408,10714,10506,10422,11909,11946,255,0,0,0
81115,10685,14371,10698,10492,10408,11907,11945,255,0,0,0
81615,10673,14348,10687,10479,10398,11908,11942,255,0,0,0
82115,10662,14259,10673,10469,10384,11906,11943,255,0,0,0
82615,10647,14224,10655,10453,10372,11906,11941,255,0,0,0
83115,10632,14191,10644,10446,10362,11905,11941,255,0,0,0
83615,10624,14122,10628,10429,10346,11904,11942,255,0,0,0
84115,10606,14104,10615,10416,10335,11904,11938,255,0,0,0
84615,10594,14066,10604,10403,10324,11903,11937,255,0,0,0
85115,10584,13980,10586,10395,10313,11901,11939,255,0,0,0
85615,10567,13949,10573,10381,10299,11900,11937,255,0,0,0
86115,10555,13894,10560,10365,10285,11900,11937,255,0,0,0
86615,10542,13857,10546,10362,10274,11900,11936,255,0,0,0
87115,10531,13813,10533,10347,10272,11898,11936,255,0,0,0
87615,10517,13770,10522,10340,10255,11898,11935,255,0,0,0
88115,10501,13730,10505,10338,10255,11898,11936,255,0,0,0
88615,10495,13681,10493,10330,10249,11898,11933,255,0,0,0
89115,10482,13644,10484,10326,10246,11897,11932,255,0,0,0
89615,10470,13618,10474,10319,10238,11897,11931,255,0,0,0
90115,10460,13570,10462,10319,10237,11896,11932,255,0,0,0
90615,10453,13549,10457,10312,10236,11894,11931,255,0,0,0
91115,10444,13534,10448,10311,10228,11894,11931,255,0,0,0
91615,10435,13512,10443,10306,10229,11893,11928,255,0,0,0
92115,10428,13495,10440,10302,10226,11892,11929,255,0,0,0
92615,10421,13496,10433,10300,10220,11891,11928,255,0,0,0
93115,10419,13477,10429,10299,10220,11891,11928,255,0,0,0
93615,10416,13457,10426,10296,10218,11891,11927,255,0,0,0
94115,10418,13452,10422,10293,10214,11892,11926,255,0,0,0
94615,10409,13436,10419,10292,10210,11889,11927,255,0,0,0
95115,10406,13416,10417,10288,10210,11890,11925,255,0,0,0
95615,10402,13421,10415,10286,10208,11888,11924,255,0,0,0
96115,10403,13404,10413,10283,10202,11888,11924,255,0,0,0
96615,10397,13399,10410,10280,10202,11888,11924,255,0,0,0
97115,10395,13393,10405,10279,10199,11886,11924,255,0,0,0
97615,10394,13385,10405,10276,10196,11886,11923,255,0,0,0
98115,10390,13376,10400,10277,10197,11885,11921,255,0,0,0
98615,10386,13365,10397,10273,10194,11883,11920,255,0,0,0
99115,10385,13358,10398,10271,10191,11884,11920,255,0,0,0
99615,10383,13359,10394,10270,10192,11885,11918,255,0,0,0
100115,10382,13342,10392,10268,10188,11882,11921,255,0,0,0
100615,10380,13342,10388,10265,10186,11880,11919,255,0,0,0
101115,10377,13337,10389,10264,10185,11882,11917,255,0,0,0
101615,10374,13331,10386,10263,10183,11881,11917,255,0,0,0
102115,10374,13319,10383,10263,10183,11882,11918,255,0,0,0
102615,10371,13316,10385,10258,10183,11881,11916,255,0,0,0
103115,10371,13315,10379,10257,10181,11879,11916,255,0,0,0
103615,10369,13310,10377,10255,10179,11879,11915,255,0,0,0
104115,10363,13301,10379,10256,10177,11877,11916,255,0,0,0
104615,10365,13300,10376,10251,10174,11879,11915,255,0,0,0
105115,10366,13294,10375,10253,10175,11877,11913,255,0,0,0
105615,10363,13288,10373,10252,10173,11876,11913,255,0,0,0
106115,10362,13281,10371,10251,10172,11876,11912,255,0,0,0
106615,10362,13282,10371,10248,10173,11876,11916,255,0,0,0
107115,10360,13275,10370,10253,10169,11876,11912,255,0,0,0
107615,10358,13271,10367,10246,10167,11876,11913,255,0,0,0
108115,10357,13266,10367,10246,10169,11875,11913,255,0,0,0
108615,10354,13270,10367,10249,10167,11874,11904,255,0,0,0
109115,10355,13260,10365,10243,10166,11873,11911,255,0,0,0
109615,10355,13260,10362,10244,10166,11875,11909,255,0,0,0
110115,10353,13249,10364,10246,10164,11875,11912,255,0,0,0
110615,10349,13248,10358,10239,10161,11873,11908,255,0,0,0
111115,10352,13241,10359,10238,10159,11869,11906,255,0,0,0
111615,10347,13240,10361,10240,10161,11871,11906,255,0,0,0
112115,10346,13231,10356,10241,10157,11873,11909,255,0,0,0
112615,10346,13233,10356,10238,10156,11872,11909,255,0,0,0
113115,10346,13232,10360,10235,10161,11871,11907,255,0,0,0
113615,10342,13229,10356,10237,10159,11869,11906,255,0,0,0
114115,10344,13227,10353,10235,10156,11869,11907,255,0,0,0
114615,10343,13222,10354,10235,10158,11869,11906,255,0,0,0
115115,10342,13221,10353,10236,10154,11871,11906,255,0,0,0
115615,10339,13214,10353,10233,10155,11872,11906,255,0,0,0
116115,10342,13215,10352,10230,10153,11871,11905,255,0,0,0
116615,10342,13216,10351,10225,10148,11866,11905,255,0,0,0
117115,10339,13212,10348,10233,10152,11867,11902,255,0,0,0
117615,10335,13206,10350,10230,10151,11869,11909,255,0,0,0
118115,10338,13201,10348,10229,10150,11871,11906,255,0,0,0
118615,10337,13206,10345,10228,10148,11867,11903,255,0,0,0
119115,10334,13206,10349,10231,10149,11868,11903,255,0,0,0
119615,10335,13197,10344,10225,10150,11872,11906,255,0,0,0
120115,10335,13197,10345,10229,10151,11872,11908,255,0,0,0
120615,10335,13191,10343,10229,10150,11868,11907,255,0,0,0
121115,10332,13197,10344,10228,10146,11868,11904,255,0,0,0
121615,10335,13196,10343,10227,10149,11867,11905,255,0,0,0
122115,10335,13187,10343,10228,10146,11872,11903,255,0,0,0
122615,10333,13191,10343,10231,10144,11873,11906,255,0,0,0
123115,10333,13198,10342,10231,10149,11871,11905,255,0,0,0
123615,10338,13186,10342,10229,10146,11869,11907,255,0,0,0
124115,10332,13196,10344,10231,10147,11865,11906,255,0,0,0
124615,10333,13191,10343,10226,10149,11869,11903,255,0,0,0
125115,10337,13200,10347,10226,10149,11871,11906,255,0,0,0
125615,10332,13191,10342,10227,10148,11874,11906,255,0,0,0
126115,10333,13188,10341,10228,10149,11870,11907,255,0,0,0
126615,10332,13188,10343,10228,10148,11869,11906,255,0,0,0
127115,10334,13186,10343,10228,10147,11868,11905,255,0,0,0
127615,10333,13190,10345,10227,10148,11869,11907,255,0,0,0
128115,10331,13195,10343,10226,10149,11871,11908,255,0,0,0
128615,10333,13193,10343,10225,10146,11871,11909,255,25,0,0
129115,10333,13196,10346,10225,10149,11872,11907,255,25,0,0
129615,10335,13190,10343,10230,10149,11870,11905,255,25,0,0
130115,10333,13200,10341,10229,10147,11869,11906,255,25,0,0
130615,10336,13189,10342,10228,10142,11869,11906,255,25,0,0
43,10333,13185,10343,10226,10147,11871,11907,255,25,0,0
543,10332,13194,10344,10228,10147,11871,11906,255,25,0,0
1043,10334,13189,10346,10222,10146,11870,11906,255,25,0,0
1543,10338,13196,10343,10225,10148,11870,11907,255,25,0,0
2043,10334,13193,10343,10222,10145,11869,11909,255,25,0,0
2543,10333,13194,10345,10223,10142,11871,11905,255,25,0,0
3043,10341,13195,10344,10226,10147,11870,11908,255,25,0,0
3543,10333,13193,10345,10224,10146,11870,11908,255,25,0,0
4043,10331,13194,10344,10223,10142,11868,11907,255,25,0,0
4543,10333,13196,10345,10223,10146,11869,11904,255,25,0,0
5043,10334,13200,10345,10226,10147,11870,11905,255,25,0,0
5543,10334,13192,10346,10224,10149,11869,11904,255,25,0,0
6043,10338,13189,10344,10228,10144,11871,11900,255,25,0,0
6543,10321,13185,10345,10224,10149,11869,11918,255,25,0,0
7043,10379,13196,10344,10224,10146,11871,11902,255,25,0,0
7543,10416,13195,10347,10224,10145,11870,11905,255,25,0,0
8043,10396,13253,10346,10229,10144,11871,11905,255,25,0,0
8543,10468,13240,10357,10222,10146,11871,11905,255,25,0,0
9043,10486,13203,10362,10228,10147,11872,11906,255,25,0,0
9543,10464,13253,10372,10232,10148,11868,11906,255,25,0,0
10043,10489,13258,10379,10233,10152,11869,11906,255,25,0,0
10543,10503,13297,10390,10234,10155,11871,11908,255,25,0,0
11043,10482,13359,10395,10235,10158,11869,11909,255,25,0,0
11543,10583,13357,10405,10238,10157,11871,11907,255,25,0,0
12043,10555,13384,10417,10240,10161,11870,11903,255,25,0,0
12543,10568,13408,10423,10244,10166,11869,11905,255,25,0,0
13043,10570,13455,10426,10249,10164,11869,11906,255,25,0,0
13543,10588,13475,10437,10242,10167,11872,11908,255,25,0,0
14043,10587,13467,10452,10249,10171,11870,11908,255,25,0,0
14543,10586,13516,10457,10257,10175,11872,11907,255,25,0,0
15043,10642,13583,10462,10257,10180,11871,11910,255,25,0,0
15543,10615,13572,10468,10261,10182,11870,11906,255,25,0,0
16043,10592,13588,10482,10270,10185,11871,11903,255,25,0,0
16543,10618,13616,10490,10270,10189,11871,11908,255,25,0,0
17043,10638,13675,10492,10265,10193,11872,11906,255,25,0,0
17543,10627,13702,10501,10277,10196,11872,11909,255,25,0,0
18043,10661,13735,10506,10277,10205,11872,11910,255,25,0,0
18543,10656,13729,10515,10286,10205,11873,11908,255,25,0,0
19043,10715,13764,10526,10289,10206,11871,11909,255,25,0,0
19543,10676,13797,10529,10289,10215,11871,11910,255,25,0,0
20043,10662,13837,10541,10291,10216,11871,11908,255,25,0,0
20543,10650,13835,10556,10299,10220,11871,11905,255,25,0,0
21043,10682,13840,10567,10301,10225,11872,11905,255,25,0,0
21543,10693,13919,10565,10308,10234,11872,11908,255,25,0,0
22043,10691,13968,10571,10315,10236,11872,11908,255,25,0,0
22543,10699,13950,10585,10319,10237,11871,11907,255,25,0,0
23043,10681,13962,10593,10324,10246,11873,11907,255,25,0,0
23543,10722,14027,10595,10329,10249,11870,11909,255,25,0,0
24043,10695,14060,10606,10335,10255,11871,11908,255,25,0,0
24543,10712,14055,10610,10335,10260,11873,11910,255,25,0,0
25043,10702,14076,10620,10342,10264,11875,11910,255,25,0,0
25543,10711,14118,10621,10349,10267,11873,11909,255,25,0,0
26043,10707,14110,10633,10355,10274,11872,11908,255,25,0,0
26543,10713,14154,10635,10358,10285,11872,11907,255,25,0,0
27043,10726,14187,10648,10365,10284,11873,11912,255,25,0,0
27543,10726,14199,10652,10364,10287,11874,11910,255,25,0,0
28043,10696,14225,10664,10374,10298,11873,11910,255,25,0,0
28543,10745,14272,10668,10381,10301,11872,11911,255,25,0,0
29043,10748,14263,10676,10386,10305,11873,11910,255,25,0,0
29543,10750,14308,10685,10390,10307,11875,11911,255,25,0,0
30043,10754,14330,10688,10400,10319,11874,11912,255,25,0,0
30543,10763,14326,10696,10399,10317,11876,11910,255,25,0,0
31043,10783,14371,10706,10409,10324,11874,11911,255,25,0,0
31543,10777,14400,10711,10417,10333,11876,11913,255,25,0,0
32043,10785,14421,10715,10420,10339,11874,11911,255,25,0,0
32543,10788,14432,10724,10423,10345,11874,11912,255,25,0,0
33043,10779,14469,10729,10432,10348,11875,11910,255,25,0,0
33543,10802,14486,10734,10436,10351,11876,11914,255,25,0,0
34043,10827,14498,10738,10442,10357,11875,11911,255,25,0,0
34543,10810,14538,10754,10448,10363,11875,11912,255,25,0,0
35043,10816,14538,10757,10450,10372,11875,11911,255,25,0,0
35543,10827,14572,10770,10458,10373,11875,11914,255,25,0,0
36043,10841,14588,10774,10464,10382,11877,11913,255,25,0,0
36543,10832,14634,10773,10472,10388,11874,11913,255,25,0,0
37043,10828,14644,10792,10473,10391,11876,11912,255,25,0,0
37543,10839,14649,10793,10476,10397,11875,11915,255,25,0,0
38043,10836,14696,10801,10488,10399,11876,11910,255,25,0,0
38543,10856,14704,10810,10494,10410,11877,11913,255,25,0,0
39043,10898,14751,10816,10497,10413,11877,11914,255,25,0,0
39543,10886,14770,10819,10500,10417,11877,11915,255,25,0,0
40043,10875,14780,10830,10511,10425,11876,11912,255,25,0,0
40543,10886,14814,10840,10515,10434,11877,11915,255,25,0,0
41043,10892,14817,10839,10517,10433,11878,11916,255,25,0,0
41543,10881,14849,10851,10524,10443,11877,11914,255,25,0,0
42043,10901,14872,10859,10531,10449,11878,11914,255,25,0,0
42543,10909,14898,10860,10538,10455,11878,11915,255,25,0,0
43043,10895,14936,10869,10544,10460,11880,11916,255,25,0,0
43543,10904,14936,10879,10550,10464,11880,11914,255,25,0,0
44043,10906,14956,10882,10555,10475,11880,11914,255,25,0,0
44543,10913,15001,10884,10560,10471,11880,11915,255,25,0,0
45043,10909,15002,10895,10568,10486,11880,11917,255,25,0,0
45543,10924,15027,10903,10573,10490,11880,11917,255,25,0,0
46043,10926,15072,10903,10581,10491,11878,11917,255,25,0,0
46543,10933,15091,10915,10587,10503,11881,11917,255,25,0,0
47043,10942,15093,10918,10594,10507,11881,11919,255,25,0,0
47543,10946,15124,10925,10598,10514,11883,11916,255,25,0,0
48043,10937,15125,10935,10600,10516,11883,11920,255,25,0,0
48543,10985,15171,10941,10610,10524,11881,11915,255,25,0,0
49043,10982,15175,10943,10615,10527,11883,11919,255,25,0,0
49543,10993,15194,10958,10619,10534,11881,11918,255,25,0,0
50043,10969,15231,10961,10629,10544,11883,11919,255,25,0,0
50543,10998,15254,10962,10631,10547,11882,11921,255,25,0,0
51043,10981,15284,10978,10644,10552,11884,11920,255,25,0,0
51543,10959,15294,10976,10648,10561,11885,11919,255,25,0,0
52043,10999,15316,10985,10650,10563,11884,11920,255,25,0,0
52543,10999,15339,10993,10662,10570,11884,11918,255,25,0,0
53043,11014,15355,10997,10664,10577,11884,11921,255,25,0,0
53543,11016,15367,11003,10669,10582,11886,11924,255,25,0,0
54043,11003,15394,11012,10673,10589,11885,11923,255,25,0,0
54543,11033,15430,11015,10680,10594,11885,11921,255,25,0,0
55043,11037,15437,11023,10686,10603,11886,11921,255,25,0,0
55543,11039,15463,11031,10690,10605,11887,11922,255,25,0,0
56043,11043,15452,11034,10701,10612,11887,11924,255,25,0,0
56543,11044,15502,11040,10706,10619,11888,11925,255,25,0,0
57043,11046,15525,11048,10713,10624,11888,11926,255,25,0,0
57543,11065,15552,11054,10720,10630,11886,11925,255,25,0,0
58043,11065,15567,11060,10725,10636,11889,11925,255,25,0,0
58543,11063,15576,11065,10731,10644,11888,11924,255,25,0,0
59043,11078,15631,11073,10741,10650,11888,11925,255,25,0,0
59543,11071,15609,11082,10744,10651,11888,11924,255,25,0,0
60043,11092,15656,11081,10746,10663,11890,11927,255,25,0,0
60543,11091,15672,11091,10755,10669,11890,11924,255,25,0,0
61043,11101,15707,11096,10763,10672,11890,11928,255,25,0,0
61543,11109,15720,11102,10766,10677,11890,11925,255,25,0,0
62043,11110,15721,11107,10771,10685,11890,11928,255,25,0,0
62543,11131,15747,11114,10776,10692,11891,11926,255,25,0,0
63043,11111,15752,11124,10789,10694,11893,11928,255,25,0,0
63543,11131,15783,11127,10795,10702,11894,11927,255,25,0,0
64043,11128,15810,11131,10799,10707,11893,11929,255,25,0,0
64543,11132,15822,11139,10805,10713,11894,11931,255,25,0,0
65043,11146,15844,11142,10811,10722,11893,11930,255,25,0,0
65543,11140,15869,11149,10813,10725,11895,11931,255,25,0,0
66043,11152,15902,11155,10825,10730,11896,11931,255,25,0,0
66543,11160,15898,11161,10831,10734,11897,11932,255,25,0,0
67043,11171,15928,11166,10832,10743,11895,11931,255,25,0,0
67543,11176,15960,11177,10842,10748,11897,11933,255,25,0,0
68043,11170,15971,11180,10846,10754,11896,11933,255,25,0,0
68543,11188,15990,11186,10852,10762,11897,11930,255,25,0,0
69043,11190,16027,11191,10853,10767,11898,11931,255,25,0,0
69543,11194,16024,11200,10863,10774,11898,11933,255,25,0,0
70043,11204,16073,11206,10871,10783,11898,11935,255,25,0,0
70543,11212,16067,11215,10875,10786,11897,11934,255,25,0,0
71043,11220,16104,11215,10879,10787,11898,11933,255,25,0,0
71543,11221,16102,11222,10885,10794,11898,11936,255,25,0,0
72043,11230,16145,11230,10896,10801,11900,11932,255,25,0,0
72543,11234,16169,11233,10899,10808,11900,11938,255,25,0,0
73043,11257,16161,11241,10910,10812,11901,11937,255,25,0,0
73543,11247,16193,11249,10912,10821,11900,11938,255,25,0,0
74043,11261,16212,11253,10916,10823,11900,11936,255,25,0,0
74543,11267,16240,11263,10923,10827,11903,11938,255,25,0,0
75043,11268,16266,11266,10931,10837,11904,11938,255,25,0,0
75543,11268,16297,11274,10935,10844,11902,11939,255,25,0,0
76043,11283,16300,11279,10942,10850,11901,11938,255,25,0,0
76543,11289,16324,11288,10948,10853,11902,11938,255,25,0,0
77043,11289,16350,11294,10954,10863,11904,11938,255,25,0,0
77543,11320,16384,11299,10959,10866,11904,11941,255,25,0,0
78043,11300,16399,11307,10962,10873,11905,11941,255,25,0,0
78543,11305,16389,11311,10969,10879,11906,11939,255,25,0,0
79043,11307,16429,11317,10975,10881,11906,11940,255,25,0,0
79543,11329,16433,11322,10982,10891,11905,11942,255,25,0,0
80043,11317,16460,11326,10991,10892,11907,11944,255,25,0,0
80543,11335,16488,11337,10997,10901,11905,11943,255,25,0,0
81043,11340,16502,11343,11000,10908,11906,11945,255,25,0,0
81543,11342,16514,11346,11004,10913,11908,11943,255,25,0,0
82043,11361,16556,11356,11010,10919,11906,11942,255,25,0,0
82543,11351,16544,11359,11017,10924,11909,11941,255,25,0,0
83043,11364,16577,11367,11025,10927,11908,11946,255,25,0,0
83543,11364,16604,11371,11031,10940,11909,11948,255,25,0,0
84043,11370,16603,11377,11036,10943,11909,11946,255,25,0,0
84543,11374,16641,11385,11043,10948,11909,11946,255,25,0,0
85043,11376,16678,11390,11046,10955,11910,11950,255,25,0,0
85543,11384,16678,11396,11054,10960,11912,11949,255,25,0,0
86043,11380,16699,11399,11056,10965,11912,11950,255,25,0,0
86543,11406,16708,11411,11066,10970,11912,11950,255,25,0,0
87043,11407,16734,11412,11070,10976,11913,11952,255,25,0,0
87543,11414,16744,11420,11076,10982,11913,11946,255,25,0,0
88043,11433,16780,11429,11084,10990,11913,11950,255,25,0,0
88543,11441,16788,11437,11086,10995,11914,11954,255,25,0,0
89043,11453,16836,11442,11095,11000,11917,11952,255,25,0,0
89543,11461,16857,11447,11103,11009,11916,11953,255,25,0,0
90043,11469,16885,11457,11104,11012,11915,11953,255,25,0,0
90543,11477,16926,11467,11111,11019,11916,11951,255,25,0,0
91043,11479,16940,11470,11120,11025,11916,11955,255,25,0,0
91543,11483,16986,11487,11125,11030,11918,11955,255,25,0,0
92043,11479,16990,11488,11131,11039,11919,11954,255,25,0,0
92543,11486,17032,11493,11137,11047,11920,11955,255,25,0,0
93043,11491,17035,11502,11141,11050,11918,11956,255,25,0,0
93543,11490,17059,11506,11152,11055,11919,11955,255,25,0,0
94043,11501,17062,11513,11156,11063,11920,11957,255,25,0,0
94543,11503,17100,11519,11163,11067,11921,11959,255,25,0,0
95043,11514,17102,11523,11170,11077,11920,11958,255,25,0,0
95543,11523,17137,11527,11180,11080,11920,11959,255,25,0,0
96043,11526,17161,11538,11181,11084,11921,11958,255,25,0,0
96543,11530,17181,11539,11186,11093,11923,11958,255,25,0,0
97043,11545,17188,11544,11194,11096,11923,11959,255,25,0,0
97543,11547,17223,11556,11201,11104,11923,11959,255,25,0,0
98043,11549,17244,11560,11205,11110,11923,11962,255,25,0,0
98543,11552,17242,11561,11216,11116,11924,11960,255,25,0,0
99043,11564,17276,11573,11217,11122,11926,11961,255,25,0,0
99543,11561,17292,11578,11225,11128,11925,11961,255,25,0,0
100043,11572,17307,11582,11225,11133,11927,11963,255,25,0,0
100543,11585,17315,11588,11239,11139,11927,11961,255,25,0,0
101043,11576,17332,11594,11243,11145,11928,11967,255,25,0,0
101543,11583,17364,11602,11247,11153,11927,11964,255,25,0,0
102043,11600,17386,11607,11254,11154,11927,11965,255,25,0,0
102543,11605,17407,11613,11264,11162,11929,11965,255,25,0,0
103043,11616,17432,11615,11268,11169,11931,11968,255,25,0,0
103543,11619,17462,11628,11276,11172,11929,11964,255,25,0,0
104043,11614,17459,11630,11278,11181,11931,11969,255,25,0,0
104543,11621,17473,11634,11286,11188,11933,11968,255,25,0,0
105043,11634,17482,11643,11290,11193,11930,11971,255,25,0,0
105543,11634,17545,11648,11299,11196,11931,11973,255,25,0,0
106043,11642,17552,11656,11306,11204,11934,11970,255,25,0,0
106543,11648,17566,11660,11311,11209,11934,11971,255,25,0,0
107043,11652,17608,11664,11310,11213,11935,11969,255,25,0,0
107543,11654,17603,11673,11320,11220,11935,11972,255,25,0,0
108043,11661,17622,11683,11327,11231,11934,11970,255,25,0,0
108543,11666,17631,11684,11336,11234,11936,11974,255,25,0,0
109043,11674,17643,11687,11341,11239,11935,11971,255,25,0,0
109543,11678,17673,11697,11348,11248,11938,11972,255,25,0,0
110043,11683,17703,11702,11354,11254,11937,11973,255,25,0,0
110543,11690,17726,11706,11357,11257,11938,11973,255,25,0,0
111043,11699,17712,11711,11365,11263,11940,11976,255,25,0,0
111543,11701,17738,11716,11373,11270,11940,11975,255,25,0,0
112043,11705,17769,11725,11379,11273,11939,11975,255,25,0,0
112543,11718,17794,11734,11385,11278,11940,11978,255,25,0,0
113043,11714,17798,11736,11389,11286,11942,11976,255,25,0,0
113543,11724,17848,11741,11396,11293,11942,11979,255,25,0,0
114043,11724,17844,11747,11404,11299,11944,11978,255,25,0,0
114543,11736,17876,11753,11405,11307,11943,11980,255,25,0,0
115043,11735,17895,11758,11412,11314,11943,11981,255,25,0,0
115543,11744,17907,11766,11419,11316,11945,11977,255,25,0,0
116043,11752,17947,11769,11421,11324,11946,11980,255,25,0,0
116543,11758,17931,11776,11426,11322,11946,11983,255,25,0,0
117043,11764,17972,11781,11435,11340,11947,11983,255,25,0,0
117543,11771,17986,11786,11437,11334,11947,11983,255,25,0,0
118043,11772,18008,11792,11446,11344,11948,11985,255,25,0,0
118543,11783,18030,11796,11454,11350,11948,11985,255,25,0,0
119043,11788,18073,11806,11457,11355,11949,11983,255,25,0,0
119543,11790,18050,11811,11462,11362,11949,11986,255,25,0,0
120043,11794,18072,11814,11469,11369,11950,11986,255,25,0,0
120543,11805,18113,11821,11473,11372,11951,11985,255,25,0,0
121043,11808,18121,11826,11479,11377,11951,11987,255,25,0,0
121543,11815,18129,11832,11491,11385,11952,11989,255,25,0,0
122043,11819,18146,11837,11491,11389,11952,11988,255,25,0,0
122543,11821,18192,11845,11497,11399,11952,11991,255,25,0,0
123043,11832,18194,11847,11507,11403,11955,11989,255,25,0,0
123543,11833,18222,11856,11511,11408,11955,11990,255,25,0,0
124043,11844,18216,11861,11514,11418,11957,11990,255,25,0,0
124543,11854,18261,11864,11521,11421,11956,11990,255,25,0,0
125043,11859,18277,11872,11529,11426,11955,11991,255,25,0,0
125543,11855,18281,11878,11533,11431,11955,11994,255,25,0,0
126043,11856,18305,11882,11540,11438,11957,11992,255,25,0,0
126543,11872,18317,11890,11544,11444,11958,11995,255,25,0,0
127043,11871,18329,11896,11549,11446,11958,11994,255,25,0,0
127543,11875,18355,11902,11555,11455,11957,11998,255,25,0,0
128043,11891,18394,11907,11564,11459,11959,11997,255,25,0,0
128543,11887,18399,11912,11564,11464,11960,11997,255,25,0,0
129043,11893,18405,11916,11572,11474,11960,11999,255,25,0,0
129543,11899,18411,11921,11581,11477,11961,11999,255,25,0,0
130043,11899,18455,11928,11586,11483,11960,11999,255,25,0,0
130543,11905,18483,11935,11590,11494,11962,12002,255,25,0,0
131043,11915,18474,11939,11596,11494,11964,11998,255,25,0,0
471,11918,18504,11947,11601,11500,11964,12000,255,25,0,0
971,11926,18536,11951,11609,11509,11964,12001,255,25,0,0
1471,11928,18558,11955,11618,11511,11965,12003,255,25,0,0
1971,11933,18554,11966,11620,11517,11965,12006,255,25,0,0
2471,11941,18569,11967,11625,11523,11965,12003,255,25,0,0
2971,11946,18601,11973,11636,11527,11965,12006,255,25,0,0
3471,11955,18605,11977,11638,11532,11967,12006,255,25,0,0
3971,11958,18645,11986,11643,11541,11968,12006,255,25,0,0
4471,11967,18672,11988,11651,11544,11969,12004,255,25,0,0
4971,11969,18679,11996,11653,11551,11970,12006,255,25,0,0
5471,11973,18689,12000,11660,11559,11969,12005,255,25,0,0
5971,11975,18720,12007,11665,11564,11969,12009,255,25,0,0
6471,11977,18710,12014,11670,11567,11968,12010,255,25,0,0
6971,11983,18739,12019,11676,11578,11972,12010,255,25,0,0
7471,11990,18771,12026,11688,11579,11971,12007,255,25,0,0
7971,12002,18780,12029,11686,11585,11974,12011,255,25,0,0
8471,12003,18824,12033,11698,11594,11975,12010,255,25,0,0
8971,12011,18803,12040,11702,11597,11973,12012,255,25,0,0
9471,12011,18835,12045,11707,11600,11974,12014,255,25,0,0
9971,12019,18848,12052,11713,11608,11975,12013,255,25,0,0
10471,12018,18877,12056,11719,11610,11975,12013,255,25,0,0
10971,12024,18930,12062,11720,11615,11975,12012,255,25,0,0
11471,12036,18925,12069,11728,11622,11978,12015,255,25,0,0
11971,12046,18925,12072,11735,11628,11978,12015,255,25,0,0
12471,12040,18940,12082,11740,11633,11978,12016,255,25,0,0
12971,12047,18974,12082,11750,11645,11979,12018,255,25,0,0
13471,12055,18957,12091,11754,11647,11981,12016,255,25,0,0
13971,12065,18978,12095,11758,11651,11981,12017,255,25,0,0
14471,12063,19014,12100,11769,11660,11979,12020,255,25,0,0
14971,12070,19026,12104,11768,11663,11982,12021,255,25,0,0
15471,12085,19056,12109,11771,11668,11983,12019,255,25,0,0
15971,12085,19087,12114,11789,11673,11982,12026,255,25,0,0
16471,12083,19099,12122,11785,11680,11984,12023,255,25,0,0
16971,12088,19104,12122,11787,11682,11984,12022,255,25,0,0
17471,12099,19135,12130,11796,11689,11984,12022,255,25,0,0
17971,12097,19135,12134,11804,11693,11986,12021,255,25,0,0
18471,12102,19120,12136,11807,11699,11986,12022,255,25,0,0
18971,12098,19144,12141,11811,11704,11987,12024,255,25,0,0
19471,12104,19183,12146,11819,11709,11987,12026,255,25,0,0
19971,12113,19142,12145,11821,11717,11990,12027,255,25,0,0
20471,12121,19145,12151,11831,11722,11988,12026,255,25,0,0
20971,12125,19235,12152,11835,11724,11988,12026,255,25,0,0
21471,12117,19202,12153,11838,11732,11989,12026,255,25,0,0
21971,12122,19224,12156,11845,11734,11991,12026,255,25,0,0
22471,12126,19224,12161,11851,11742,11993,12026,255,25,0,0
22971,12126,19242,12160,11854,11747,11994,12030,255,25,0,0
23471,12127,19301,12163,11863,11752,11995,12030,255,25,0,0
23971,12134,19240,12166,11864,11761,11995,12031,255,25,0,0
24471,12131,19277,12166,11869,11759,11992,12033,255,25,0,0
24971,12135,19277,12166,11877,11766,11994,12034,255,25,0,0
25471,12131,19253,12166,11880,11776,11992,12032,255,25,0,0
25971,12137,19256,12168,11883,11771,11996,12035,255,25,0,0
26471,12139,19264,12166,11892,11778,11997,12036,255,25,0,0
26971,12144,19247,12171,11892,11783,12000,12036,255,25,0,0
27471,12140,19284,12168,11895,11791,12000,12036,255,25,0,0
27971,12140,19269,12167,11903,11793,11999,12037,255,25,0,0
28471,12140,19259,12172,11906,11798,12000,12040,255,25,0,0
28971,12141,19287,12169,11908,11803,11999,12039,255,25,0,0
29471,12137,19290,12169,11915,11805,11998,12040,255,25,0,0
29971,12143,19255,12169,11915,11809,11998,12040,255,25,0,0
30471,12138,19270,12167,11922,11813,12004,12042,255,25,0,0
30971,12137,19254,12171,11936,11817,12007,12041,255,25,0,0
31471,12138,19265,12167,11928,11821,12007,12043,255,25,0,0
31971,12140,19280,12170,11934,11828,12007,12043,255,25,0,0
32471,12138,19286,12167,11935,11827,12005,12043,255,25,0,0
32971,12131,19275,12170,11938,11831,12003,12044,255,25,0,0
33471,12137,19262,12166,11945,11830,12005,12044,255,25,0,0
33971,12136,19247,12168,11945,11837,12005,12046,255,25,0,0
34471,12141,19263,12164,11947,11836,12008,12045,255,25,0,0
34971,12132,19270,12163,11950,11841,12010,12046,255,25,0,0
35471,12137,19230,12164,11949,11849,12013,12046,255,25,0,0
35971,12140,19202,12169,11955,11849,12012,12048,255,25,0,0
36471,12135,19218,12163,11957,11851,12012,12048,255,25,0,0
36971,12132,19245,12163,11962,11854,12010,12049,255,25,0,0
37471,12146,19223,12162,11965,11855,12010,12049,255,25,0,0
37971,12133,19245,12165,11966,11857,12012,12053,255,25,0,0
38471,12128,19266,12162,11965,11861,12013,12050,255,25,0,0
38971,12133,19269,12162,11973,11864,12013,12052,255,25,0,0
39471,12131,19239,12163,11973,11864,12017,12054,255,25,0,0
39971,12128,19266,12161,11973,11865,12016,12055,255,25,0,0
40471,12136,19240,12166,11976,11872,12018,12056,255,25,0,0
40971,12140,19270,12162,11978,11870,12014,12056,255,25,0,0
41471,12138,19244,12162,11981,11873,12018,12056,255,25,0,0
41971,12140,19254,12161,11985,11873,12018,12056,255,25,0,0
42471,12135,19254,12167,11983,11875,12018,12058,255,25,0,0
42971,12127,19271,12161,11986,11876,12021,12058,255,25,0,0
43471,12132,19284,12163,11992,11877,12022,12058,255,25,0,0
43971,12136,19230,12162,11990,11880,12022,12061,255,25,0,0
44471,12135,19245,12161,11991,11877,12023,12061,255,25,0,0
44971,12137,19230,12166,11993,11881,12022,12060,255,25,0,0
45471,12135,19264,12162,11993,11885,12023,12059,255,25,0,0
45971,12134,19244,12164,11995,11882,12025,12063,255,25,0,0
46471,12133,19307,12167,11997,11887,12025,12064,255,25,0,0
46971,12132,19274,12165,11998,11886,12025,12062,255,25,0,0
47471,12135,19267,12163,11999,11884,12028,12067,255,25,0,0
47971,12135,19270,12164,11997,11885,12028,12066,255,25,0,0
48471,12133,19291,12164,12003,11887,12030,12065,255,25,0,0
48971,12132,19246,12167,12000,11888,12029,12067,255,25,0,0
49471,12131,19272,12169,11997,11892,12030,12065,255,25,0,0